聲,呼,等,韻,調,組,攝,單字,多音,组词,原註
端,開,一,東,平,端,通,東,0,,
端,開,一,東,平,端,通,凍,0,,
端,開,一,東,平,端,通,鶇,0,,
透,開,一,東,平,端,通,通,0,,
透,開,一,東,平,端,通,俑,0,,
定,開,一,東,平,端,通,桐,0,,
定,開,一,東,平,端,通,洞,0,,
定,開,一,東,平,端,通,筒,0,,
定,開,一,東,平,端,通,銅,0,,
定,開,一,東,平,端,通,僮,1,,書僮
,,,,,,,僮,1,,僮族
定,開,一,東,平,端,通,童,0,,
定,開,一,東,平,端,通,同,0,,
定,開,一,東,平,端,通,仝,0,,
來,開,一,東,平,來,通,聾,0,,
來,開,一,東,平,來,通,朧,0,,
來,開,一,東,平,來,通,嚨,0,,
來,開,一,東,平,來,通,瓏,0,,
來,開,一,東,平,來,通,籠,0,,
來,開,三,東,平,來,通,隆,0,,
來,開,三,東,平,來,通,窿,0,,
清,開,一,東,平,精,通,聰,0,,
清,開,一,東,平,精,通,囪,0,,
清,開,一,東,平,精,通,蔥,0,,
從,開,一,東,平,精,通,叢,0,,
心,開,三,東,平,精,通,嵩,0,,
知,開,三,東,平,知,通,衷,0,,
知,開,三,東,平,知,通,忠,0,,
知,開,三,東,平,知,通,中,1,,中間
知,開,三,東,去,知,通,中,1,,中獎
徹,開,三,東,平,知,通,忡,0,,
澄,開,三,東,平,知,通,蟲,0,,
澄,開,三,東,平,知,通,沖,0,,
崇,開,三,東,平,莊,通,崇,0,,
章,開,三,東,平,章,通,眾,0,,
章,開,三,東,平,章,通,螽,0,,
章,開,三,東,平,章,通,終,0,,
昌,開,三,東,平,章,通,充,0,,
日,開,三,東,平,日,通,絨,0,,
見,開,一,東,平,見,通,功,0,,
見,開,一,東,平,見,通,工,0,,
見,開,一,東,平,見,通,蚣,0,,
見,開,一,東,平,見,通,公,0,,
見,開,一,東,平,見,通,攻,0,,
見,開,三,東,平,見,通,躬,0,,
見,開,三,東,平,見,通,宮,0,,
見,開,三,東,平,見,通,弓,0,,
溪,開,一,東,平,見,通,空,0,,
溪,開,三,東,平,見,通,穹,0,,
匣,開,一,東,平,影,通,訌,0,,
匣,開,一,東,平,影,通,洪,0,,
匣,開,一,東,平,影,通,虹,0,,
匣,開,一,東,平,影,通,烘,0,,
匣,開,一,東,平,影,通,紅,1,,紅色
見,開,一,東,平,見,通,紅,1,,女紅
匣,開,一,東,平,影,通,鴻,0,,
影,開,一,東,平,影,通,翁,0,,
影,開,一,東,平,影,通,蓊,0,,
云,開,三,東,平,影,通,雄,0,,
云,開,三,東,平,影,通,熊,0,,
以,開,三,東,平,以,通,融,0,,
幫,合,三,東,平,幫,通,楓,0,,
幫,合,三,東,平,幫,通,風,0,,
並,開,一,東,平,幫,通,蓬,0,,
並,開,一,東,平,幫,通,篷,0,,
並,開,一,東,平,幫,通,蜂,0,,
並,合,三,東,平,幫,通,梵,0,,
並,合,三,東,平,幫,通,馮,1,,馮姓
並,開,三,蒸,平,幫,曾,馮,1,,暴虎馮河
明,開,一,東,平,幫,通,矇,0,,
明,開,一,東,平,幫,通,濛,0,,
明,開,一,東,平,幫,通,朦,0,,
明,開,一,東,平,幫,通,檬,0,,
明,開,一,東,平,幫,通,蒙,0,,
明,合,三,東,平,幫,通,夢,0,,
滂,合,三,東,平,幫,通,豐,0,,
群,開,三,東,平,見,通,窮,0,,
端,開,一,東,上,端,通,董,0,,
透,開,一,東,上,端,通,桶,0,,
定,開,一,東,上,端,通,動,0,,
來,開,一,東,上,來,通,攏,0,,
精,開,一,東,上,精,通,總,0,,
溪,開,一,東,上,見,通,孔,0,,
幫,開,一,東,上,幫,通,俸,0,,
明,開,一,東,上,幫,通,懵,0,,
端,開,一,東,去,端,通,棟,0,,
透,開,一,東,去,端,通,痛,0,,
來,開,一,東,去,來,通,弄,0,,
精,開,一,東,去,精,通,粽,0,,
心,開,一,東,去,精,通,送,0,,
澄,開,三,東,去,知,通,仲,0,,
昌,開,三,東,去,章,通,銃,0,,
見,開,一,東,去,見,通,貢,0,,
匣,開,一,東,去,影,通,哄,1,,哄騙
,,,,,,,哄,1,,亂哄哄
影,開,一,東,去,影,通,甕,0,,
幫,合,三,東,去,幫,通,諷,0,,
並,合,三,東,去,幫,通,鳳,0,,
端,開,一,東,入,端,通,啄,0,,
端,開,一,東,入,端,通,竺,0,,
透,開,一,東,入,端,通,禿,0,,
定,開,一,東,入,端,通,犢,0,,
定,開,一,東,入,端,通,獨,0,,
定,開,一,東,入,端,通,瀆,0,,
定,開,一,東,入,端,通,讀,1,,朗讀
定,開,一,侯,去,端,流,讀,1,,句讀
來,開,一,東,入,來,通,麓,0,,
來,開,一,東,入,來,通,鹿,0,,
來,開,一,東,入,來,通,漉,0,,
來,開,一,東,入,來,通,碌,0,,
來,開,一,東,入,來,通,角,0,,
,,,,,,,角,1,,
來,開,一,東,入,來,通,祿,0,,
來,開,三,東,入,來,通,陸,0,,
來,開,三,東,入,來,通,六,0,,
精,開,三,東,入,精,通,蹙,0,,
清,開,一,東,入,精,通,簇,0,,
清,開,三,東,入,精,通,蹴,0,,
從,開,一,東,入,精,通,族,0,,
從,開,一,東,入,精,通,鑿,0,,
心,開,一,東,入,精,通,速,0,,
心,開,三,東,入,精,通,肅,0,,
心,開,三,東,入,精,通,夙,0,,
知,開,三,東,入,知,通,竹,0,,
知,開,三,東,入,知,通,築,0,,
澄,開,三,東,入,知,通,逐,0,,
澄,開,三,東,入,知,通,軸,0,,
澄,開,三,東,入,知,通,筑,0,,
初,開,三,東,入,莊,通,矗,0,,
生,開,三,東,入,莊,通,縮,0,,
常,開,三,東,入,章,通,淑,0,,
常,開,三,東,入,章,通,熟,0,,
常,開,三,東,入,章,通,塾,0,,
常,開,三,東,入,章,通,孰,0,,
書,開,三,東,入,章,通,倏,0,,
書,開,三,東,入,章,通,叔,0,,
日,開,三,東,入,日,通,肉,0,,
見,開,一,東,入,見,通,穀,0,,
見,開,一,東,入,見,通,谷,1,,山谷
以,開,三,鍾,入,以,通,谷,1,,吐谷渾
來,開,一,東,入,來,通,谷,1,,谷蠡王
見,開,三,東,入,見,通,掬,0,,
見,開,三,東,入,見,通,鞠,0,,
見,開,三,東,入,見,通,菊,0,,
溪,開,一,東,入,見,通,哭,0,,
溪,開,三,東,入,見,通,麴,0,,
曉,開,三,東,入,影,通,蓄,0,,
匣,開,一,東,入,影,通,斛,0,,
影,開,一,東,入,影,通,屋,0,,
影,開,三,東,入,影,通,郁,0,,
以,開,三,東,入,以,通,粥,0,,
以,開,三,東,入,以,通,鬻,0,,
以,開,三,東,入,以,通,育,0,,
以,開,三,東,入,以,通,昱,0,,
幫,開,一,東,入,幫,通,蹼,0,,
幫,開,一,東,入,幫,通,卜,0,,
幫,合,三,東,入,幫,通,腹,0,,
幫,合,三,東,入,幫,通,蝠,0,,
幫,合,三,東,入,幫,通,福,0,,
幫,合,三,東,入,幫,通,幅,0,,
並,開,一,東,入,幫,通,僕,0,,
並,合,三,東,入,幫,通,服,0,,
並,合,三,東,入,幫,通,匐,0,,
並,合,三,東,入,幫,通,馥,0,,
明,開,一,東,入,幫,通,木,0,,
明,開,一,東,入,幫,通,沐,0,,
明,合,三,東,入,幫,通,睦,0,,
明,合,三,東,入,幫,通,穆,0,,
明,合,三,東,入,幫,通,目,0,,
明,合,三,東,入,幫,通,牧,0,,
滂,開,一,東,入,幫,通,撲,0,,
端,合,一,冬,平,端,通,冬,0,,
定,合,一,冬,平,端,通,疼,1,,疼痛
定,合,一,冬,平,端,通,疼,1,,疼愛
定,合,一,冬,平,端,通,彤,0,,
定,合,一,冬,平,端,通,鼕,0,,
泥,合,一,冬,平,端,通,農,0,,
泥,合,一,冬,平,端,通,膿,0,,流脓水
精,合,一,冬,平,精,通,宗,0,,
從,合,一,冬,平,精,通,淙,0,,
從,合,一,冬,平,精,通,鬃,0,,
心,合,一,冬,平,精,通,鬆,0,,
透,合,一,冬,去,端,通,統,0,,
精,合,一,冬,去,精,通,綜,0,,
心,合,一,冬,去,精,通,宋,0,,
端,合,一,冬,入,端,通,篤,0,,
端,合,一,冬,入,端,通,督,0,,
定,合,一,冬,入,端,通,毒,0,,
泥,合,一,冬,入,端,通,褥,0,,
溪,合,一,冬,入,見,通,酷,0,,
影,合,一,冬,入,影,通,沃,0,,
娘,開,三,鍾,平,知,通,濃,0,,
來,開,三,鍾,平,來,通,龍,0,,
精,開,三,鍾,平,精,通,縱,1,,縱橫
精,開,三,鍾,去,精,通,縱,1,,放縱
精,開,三,鍾,平,精,通,蹤,0,,
精,開,三,鍾,平,精,通,樅,0,,
從,開,三,鍾,平,精,通,從,1,,跟從
清,開,三,鍾,平,精,通,從,1,,從容
從,開,三,鍾,平,精,通,從,1,,從兄弟
邪,開,三,鍾,平,精,通,松,0,,
邪,開,三,鍾,平,精,通,訟,0,,
澄,開,三,鍾,平,知,通,重,1,,重新
澄,開,三,鍾,上,知,通,重,1,,重量
澄,開,三,鍾,去,知,通,重,1,,重要/重量
章,開,三,鍾,平,章,通,鐘,0,,
章,開,三,鍾,平,章,通,忪,1,,怔忪
,,,,,,,忪,1,,惺忪
章,開,三,鍾,平,章,通,鍾,0,,
昌,開,三,鍾,平,章,通,憧,0,,
昌,開,三,鍾,平,章,通,衝,1,,衝鋒
,,,,,,,衝,1,,衝勁
書,開,三,鍾,平,章,通,舂,0,,
日,開,三,鍾,平,日,通,茸,0,,
見,開,三,鍾,平,見,通,共,0,,
,,,,,,,共,1,,
見,開,三,鍾,平,見,通,恭,0,,
見,開,三,鍾,平,見,通,供,1,,提供
見,開,三,鍾,去,見,通,供,1,,供奉
曉,開,三,鍾,平,影,通,凶,0,,
曉,開,三,鍾,平,影,通,洶,0,,
曉,開,三,鍾,平,影,通,兇,0,,
曉,開,三,鍾,平,影,通,匈,0,,
影,開,三,鍾,平,影,通,雍,0,,
以,開,三,鍾,平,以,通,蓉,0,,
以,開,三,鍾,平,以,通,溶,0,,
以,開,三,鍾,平,以,通,容,0,,
以,開,三,鍾,平,以,通,傭,0,,
以,開,三,鍾,平,以,通,鎔,0,,
以,開,三,鍾,平,以,通,頌,0,,
以,開,三,鍾,平,以,通,庸,0,,
幫,合,三,鍾,平,幫,通,封,0,,
並,合,三,鍾,平,幫,通,逢,0,,
並,合,三,鍾,平,幫,通,縫,1,,裁縫
並,合,三,鍾,去,幫,通,縫,1,,裂縫
滂,合,三,鍾,平,幫,通,鋒,0,,
滂,合,三,鍾,平,幫,通,烽,0,,
滂,合,三,鍾,平,幫,通,丰,0,,
來,開,三,鍾,上,來,通,隴,0,,
心,開,三,鍾,上,精,通,聳,0,,
心,開,三,鍾,上,精,通,悚,0,,
心,開,三,鍾,上,精,通,慫,0,,
知,開,三,鍾,上,知,通,冢,0,,
知,開,三,鍾,上,知,通,塚,0,,
徹,開,三,鍾,上,知,通,寵,0,,
章,開,三,鍾,上,章,通,踵,0,,
章,開,三,鍾,上,章,通,腫,0,,
章,開,三,鍾,上,章,通,種,1,,種子
章,開,三,鍾,去,章,通,種,1,,種植
見,開,三,鍾,上,見,通,鞏,0,,
見,開,三,鍾,上,見,通,拱,0,,
溪,開,三,鍾,上,見,通,恐,0,,
影,開,三,鍾,上,影,通,擁,0,,
以,開,三,鍾,上,以,通,恿,0,,
以,開,三,鍾,上,以,通,蛹,0,,
以,開,三,鍾,上,以,通,勇,0,,
並,合,三,鍾,上,幫,通,奉,0,,
滂,合,三,鍾,上,幫,通,捧,0,,
邪,開,三,鍾,去,精,通,誦,0,,
以,開,三,鍾,去,以,通,用,0,,
來,開,三,鍾,入,來,通,綠,0,,
來,開,三,鍾,入,來,通,錄,0,,
清,開,三,鍾,入,精,通,促,0,,
心,開,三,鍾,入,精,通,粟,0,,
邪,開,三,鍾,入,精,通,續,0,,
邪,開,三,鍾,入,精,通,俗,0,,
章,開,三,鍾,入,章,通,燭,0,,
章,開,三,鍾,入,章,通,囑,0,,
章,開,三,鍾,入,章,通,矚,0,,
章,開,三,鍾,入,章,通,屬,1,,屬文
常,開,三,鍾,入,章,通,屬,1,,屬於
昌,開,三,鍾,入,章,通,觸,0,,
常,開,三,鍾,入,章,通,鐲,0,,
常,開,三,鍾,入,章,通,蜀,0,,
書,開,三,鍾,入,章,通,束,0,,
船,開,三,鍾,入,章,通,贖,0,,
日,開,三,鍾,入,日,通,辱,0,,
溪,開,三,鍾,入,見,通,曲,0,,
疑,開,三,鍾,入,見,通,獄,0,,
,,,,,,,獄,1,,
疑,開,三,鍾,入,見,通,玉,0,,
曉,開,三,鍾,入,影,通,旭,0,,
以,開,三,鍾,入,以,通,浴,0,,
以,開,三,鍾,入,以,通,慾,0,,
以,開,三,鍾,入,以,通,欲,0,,
群,開,三,鍾,入,見,通,局,0,,
,,,,,,,局,1,,
知,開,二,江,平,知,江,樁,0,,
澄,開,二,江,平,知,江,撞,0,,
,,,,,,,撞,1,,
澄,開,二,江,平,知,江,幢,1,,幡幢
澄,開,二,江,去,知,江,幢,1,,量詞
,,,,,,,幢,1,,海幢寺
生,開,二,江,平,莊,江,雙,0,,
見,開,二,江,平,見,江,江,0,,
見,開,二,江,平,見,江,肛,0,,
見,開,二,江,平,見,江,扛,0,,
,,,,,,,扛,1,,
溪,開,二,江,平,見,江,控,0,,
溪,開,二,江,平,見,江,腔,0,,
匣,開,二,江,平,影,江,缸,0,,
匣,開,二,江,平,影,江,降,1,,投降
見,開,二,江,去,見,江,降,1,,降落
幫,開,二,江,平,幫,江,邦,0,,
並,開,二,江,平,幫,江,龐,0,,
見,開,二,江,上,見,江,講,0,,
見,開,二,江,上,見,江,港,0,,
匣,開,二,江,上,影,江,項,0,,
,,,,,,,項,1,,
並,開,二,江,上,幫,江,棒,0,,
並,開,二,江,上,幫,江,蚌,0,,
匣,開,二,江,去,影,江,巷,0,,
,,,,,,,巷,1,,
知,開,二,江,入,知,江,桌,0,,
知,開,二,江,入,知,江,琢,0,,
知,開,二,江,入,知,江,卓,0,,
澄,開,二,江,入,知,江,擢,0,,
澄,開,二,江,入,知,江,濁,0,,
莊,開,二,江,入,莊,江,捉,0,,
,,,,,,,捉,1,,
崇,開,二,江,入,莊,江,浞,0,,
生,開,二,江,入,莊,江,朔,0,,
溪,開,二,江,入,見,江,確,0,,
,,,,,,,確,1,,
疑,開,二,江,入,見,江,嶽,0,,
疑,開,二,江,入,見,江,岳,0,,
匣,開,二,江,入,影,江,學,0,,
,,,,,,,學,1,,
影,開,二,江,入,影,江,握,0,,
影,開,二,江,入,影,江,渥,0,,
影,開,二,江,入,影,江,喔,1,,喔喔叫
,,,,,,,喔,1,,嘆詞
幫,開,二,江,入,幫,江,剝,0,,
,,,,,,,剝,1,,
幫,開,二,江,入,幫,江,駁,0,,
,,,,,,,駁,0,,
並,開,二,江,入,幫,江,雹,0,,
滂,開,二,江,入,幫,江,璞,0,,
來,開,三,支A,平,來,止,罹,0,,
來,開,三,支A,平,來,止,鸝,0,,
來,開,三,支A,平,來,止,離,0,,
來,開,三,支A,平,來,止,驪,0,,
來,開,三,支A,平,來,止,麗,0,,
來,開,三,支A,平,來,止,璃,1,,琉璃
來,開,三,支A,平,來,止,璃,1,,玻璃
來,開,三,支A,平,來,止,漓,0,,
來,開,三,支A,平,來,止,籬,0,,
精,合,三,支A,平,精,止,劑,0,,
清,開,三,支A,平,精,止,雌,0,,
從,開,三,支A,平,精,止,疵,0,,
心,開,三,支A,平,精,止,斯,0,,
心,開,三,支A,平,精,止,廝,0,,
邪,合,三,支A,平,精,止,隨,0,,
邪,合,三,支A,平,精,止,隋,0,,
章,開,三,支A,平,章,止,肢,0,,
章,開,三,支A,平,章,止,支,0,,
章,開,三,支A,平,章,止,只,0,,
章,開,三,支A,平,章,止,枝,0,,
常,開,三,支A,上,章,止,氏,1,,姓氏
章,開,三,支A,平,章,止,氏,1,,月氏
昌,合,三,支A,平,章,止,炊,0,,
昌,合,三,支A,平,章,止,吹,0,,
常,開,三,支A,平,章,止,提,0,,
常,合,三,支A,平,章,止,垂,0,,
常,開,三,支A,平,章,止,匙,1,,鑰匙
,,,,,,,匙,1,,茶匙，湯匙，一本作「瓷」
常,開,三,支A,平,章,止,堤,0,,
書,開,三,支A,平,章,止,施,0,,
日,開,三,支A,平,日,止,兒,0,,
見,合,三,支A,平,見,止,規,0,,
溪,合,三,支A,平,見,止,窺,0,,
曉,合,三,支A,平,影,止,墮,0,,
以,開,三,支A,平,以,止,蛇,1,,委蛇
船,開,三,麻,平,章,假,蛇,1,,毒蛇
以,合,三,支A,平,以,止,蠵,0,,
以,開,三,支A,平,以,止,移,0,,
幫,開,三,支A,平,幫,止,卑,0,,
並,開,三,支A,平,幫,止,脾,0,,
明,開,三,支A,平,幫,止,瀰,0,,
明,開,三,支A,平,幫,止,獼,0,,
明,開,三,支A,平,幫,止,彌,0,,
群,開,三,支A,平,見,止,歧,0,,
群,開,三,支A,平,見,止,祇,1,,神祇
章,開,三,支A,上,章,止,祇,1,,同「只有」的「只」
群,開,三,支A,平,見,止,示,0,,
來,合,三,支A,上,來,止,累,1,,累積
來,合,三,支A,去,來,止,累,1,,受累；連累
來,合,三,脂A,平,來,止,累,1,,果實累累，同「纍」
來,開,三,支A,上,來,止,邐,0,,
精,開,三,支A,上,精,止,紫,0,,
清,開,三,支A,上,精,止,此,0,,
心,合,三,支A,上,精,止,髓,0,,
心,開,三,支A,上,精,止,徙,0,,
章,開,三,支A,上,章,止,紙,0,,
章,開,三,支A,上,章,止,咫,0,,
章,開,三,支A,上,章,止,枳,0,,
昌,開,三,支A,上,章,止,侈,0,,
常,開,三,支A,上,章,止,是,0,,
書,開,三,支A,上,章,止,弛,0,,
船,開,三,支A,上,章,止,舐,0,,
日,合,三,支A,上,日,止,蕊,0,,
日,開,三,支A,上,日,止,爾,0,,
日,開,三,支A,上,日,止,邇,0,,
溪,開,三,支A,上,見,止,企,0,,
並,開,三,支A,上,幫,止,婢,0,,
精,開,三,支A,去,精,止,積,0,,
清,開,三,支A,去,精,止,刺,0,,
從,開,三,支A,去,精,止,漬,0,,
心,開,三,支A,去,精,止,賜,0,,
章,合,三,支A,去,章,止,惴,0,,
常,合,三,支A,去,章,止,睡,0,,
常,合,三,支A,去,章,止,瑞,0,,
書,開,三,支A,去,章,止,翅,0,,
溪,開,三,支A,去,見,止,吱,0,,
影,開,三,支A,去,影,止,縊,0,,
以,開,三,支A,去,以,止,易,1,,容易
以,開,三,清A,入,以,梗,易,1,,交易
幫,開,三,支A,去,幫,止,臂,0,,
並,開,三,支A,去,幫,止,避,0,,
滂,開,三,支A,去,幫,止,譬,0,,
知,開,三,支B,平,知,止,知,1,,知道
,,,,,,,知,1,,知識
知,開,三,支B,平,知,止,蜘,0,,
澄,開,三,支B,平,知,止,池,0,,
澄,合,三,支B,平,知,止,錘,0,,鐵錘，稱錘
澄,開,三,支B,平,知,止,馳,0,,
初,開,二,麻,平,莊,假,差,1,,差別
初,開,二,佳,平,莊,蟹,差,1,,出差
初,開,三,支B,平,莊,止,差,1,,參差
生,合,三,脂B,平,莊,止,衰,1,,衰老
初,合,三,支B,平,莊,止,衰,1,,齊衰
見,開,三,支B,平,見,止,妓,0,,
見,開,三,支B,平,見,止,畸,0,,
溪,開,三,支B,平,見,止,崎,1,,崎嶇
群,開,三,微,平,見,止,崎,1,,長崎
溪,合,三,支B,平,見,止,虧,0,,
疑,開,三,支B,平,見,止,崖,0,,
疑,開,三,支B,平,見,止,儀,0,,
疑,開,三,支B,平,見,止,宜,0,,
疑,開,三,支B,平,見,止,涯,0,,
疑,合,三,支B,平,見,止,危,0,,
曉,開,三,支B,平,影,止,犧,0,,
曉,開,三,支B,平,影,止,羲,0,,
曉,開,三,支B,平,影,止,曦,0,,
曉,開,三,支B,平,影,止,戲,0,,
影,開,三,支B,平,影,止,犄,0,,
影,合,三,支B,平,影,止,逶,0,,
影,開,三,支B,平,影,止,椅,0,,
影,開,三,支B,平,影,止,漪,0,,
影,合,三,支B,平,影,止,萎,0,,枯萎
影,合,三,支B,平,影,止,委,1,,虛與委蛇，委委佗佗
影,合,三,支B,上,影,止,委,1,,委託
云,合,三,支B,平,影,止,爲,1,,作爲
云,合,三,支B,去,影,止,爲,1,,爲了
幫,開,三,支B,平,幫,止,襬,0,,
幫,開,三,支B,平,幫,止,碑,0,,
並,開,三,支B,平,幫,止,疲,0,,
並,開,三,支B,平,幫,止,罷,0,,
並,開,三,支B,平,幫,止,皮,0,,
明,開,三,支B,平,幫,止,糜,0,,
滂,開,三,支B,平,幫,止,披,0,,
群,開,三,支B,平,見,止,奇,1,,奇怪
見,開,三,支B,平,見,止,奇,1,,奇數
群,開,三,支B,平,見,止,琦,0,,
群,開,三,支B,平,見,止,騎,1,,騎馬
群,開,三,支B,去,見,止,騎,1,,鐵騎
初,合,三,支B,上,莊,止,揣,0,,
生,開,三,支B,上,莊,止,灑,0,,
見,合,三,支B,上,見,止,詭,0,,
溪,合,三,支B,上,見,止,跪,0,,
溪,開,三,支B,上,見,止,綺,0,,
疑,開,三,支B,上,見,止,蟻,0,,
曉,合,三,支B,上,影,止,毀,0,,
影,開,三,支B,上,影,止,倚,0,,
幫,開,三,支B,上,幫,止,彼,0,,
並,開,三,支B,上,幫,止,被,1,,棉被
並,開,三,支B,去,幫,止,被,1,,被動
明,開,三,支B,上,幫,止,靡,1,,
,,,,,,,靡,1,,
群,開,三,支B,上,見,止,技,0,,
知,開,三,支B,去,知,止,智,0,,
見,開,三,支B,去,見,止,寄,0,,
疑,開,三,支B,去,見,止,誼,0,,
疑,開,三,支B,去,見,止,義,0,,
疑,開,三,支B,去,見,止,議,0,,
來,合,三,脂A,平,來,止,纍,0,,
來,開,三,脂A,平,來,止,梨,0,,
精,開,三,脂A,平,精,止,諮,0,,
精,開,三,脂A,平,精,止,資,0,,
精,開,三,脂A,平,精,止,姿,0,,
從,開,三,脂A,平,精,止,瓷,0,,
從,開,三,脂A,平,精,止,茨,0,,
心,合,三,脂A,平,精,止,雖,0,,
心,開,三,脂A,平,精,止,私,0,,
章,開,三,脂A,平,章,止,脂,0,,
章,合,三,脂A,平,章,止,錐,0,,
昌,合,三,脂A,平,章,止,推,0,,
常,合,三,脂A,平,章,止,誰,0,,
書,開,三,脂A,平,章,止,屍,0,,
曉,開,三,脂A,平,影,止,屎,0,,
曉,開,三,脂A,平,影,止,咦,0,,
影,開,三,脂A,平,影,止,伊,0,,
影,開,三,脂A,平,影,止,黝,0,,
以,開,三,脂A,平,以,止,胰,0,,
以,開,三,脂A,平,以,止,夷,0,,
以,合,三,脂A,平,以,止,惟,0,,
以,開,三,脂A,平,以,止,羨,0,,
以,開,三,脂A,平,以,止,寅,0,,
以,合,三,脂A,平,以,止,唯,1,,唯一
以,合,三,脂A,上,以,止,唯,1,,唯唯諾諾
以,合,三,脂A,平,以,止,遺,1,,遺失
以,合,三,脂A,去,以,止,遺,1,,贈遺
以,合,三,脂A,平,以,止,維,0,,
以,開,三,脂A,平,以,止,姨,0,,
並,開,三,脂A,平,幫,止,琵,0,,
幫,開,三,脂A,上,幫,止,比,1,,比較
並,開,三,脂A,去,幫,止,比,1,,比鄰
並,開,三,脂A,平,幫,止,枇,0,,
群,開,三,脂A,平,見,止,鰭,0,,
群,合,三,脂A,平,見,止,葵,0,,
來,合,三,脂A,上,來,止,壘,1,,堡壘
,,,,,,,壘,1,,神荼鬱壘
來,開,三,脂A,上,來,止,履,0,,
來,合,三,脂A,上,來,止,耒,0,,
精,開,三,脂A,上,精,止,姊,0,,
心,開,三,脂A,上,精,止,死,0,,
章,開,三,脂A,上,章,止,指,0,,
章,開,三,脂A,上,章,止,旨,0,,
常,開,三,脂A,上,章,止,視,0,,
書,開,三,脂A,上,章,止,矢,0,,
書,合,三,脂A,上,章,止,水,0,,
見,合,三,脂A,上,見,止,癸,0,,
幫,開,三,脂A,上,幫,止,妣,0,,
群,合,三,脂A,上,見,止,揆,0,,
定,開,三,脂A,去,端,止,地,0,,
來,合,三,脂A,去,來,止,淚,0,,
來,開,三,脂A,去,來,止,利,0,,
來,合,三,脂A,去,來,止,類,0,,
來,開,三,脂A,去,來,止,痢,0,,
精,開,三,脂A,去,精,止,恣,1,,恣意
,,,,,,,恣,1,,恣睢
精,合,三,脂A,去,精,止,醉,0,,
清,合,三,脂A,去,精,止,翠,0,,
清,開,三,脂A,去,精,止,次,0,,
從,合,三,脂A,去,精,止,悴,0,,
從,開,三,脂A,去,精,止,自,0,,
從,開,三,脂A,去,精,止,嫉,0,,
從,合,三,脂A,去,精,止,萃,0,,
心,合,三,脂A,去,精,止,邃,0,,
心,合,三,脂A,去,精,止,粹,0,,
心,開,三,脂A,去,精,止,四,0,,
心,開,三,脂A,去,精,止,肆,1,,肆意
心,開,三,脂A,去,精,止,肆,1,,四的大寫
心,合,三,脂A,去,精,止,祟,0,,
心,開,三,脂A,去,精,止,駟,0,,
邪,合,三,脂A,去,精,止,遂,0,,
邪,合,三,脂A,去,精,止,穗,0,,
邪,合,三,脂A,去,精,止,彗,0,,
邪,合,三,脂A,去,精,止,隧,0,,
章,開,三,脂A,去,章,止,摯,0,,
章,開,三,脂A,去,章,止,至,0,,
昌,合,三,脂A,去,章,止,出,0,,
常,開,三,脂A,去,章,止,嗜,0,,
日,開,三,脂A,去,日,止,二,0,,
日,開,三,脂A,去,日,止,貳,0,,
見,合,三,脂A,去,見,止,季,0,,
溪,開,三,脂A,去,見,止,棄,0,,
幫,開,三,脂A,去,幫,止,庇,0,,
並,開,三,脂A,去,幫,止,鼻,0,,
明,開,三,脂A,去,幫,止,寐,0,,
滂,開,三,脂A,去,幫,止,屁,0,,
群,合,三,脂A,去,見,止,悸,0,,
娘,開,三,脂B,平,知,止,尼,0,,
娘,開,三,脂B,平,知,止,呢,1,,呢喃
娘,開,三,脂B,平,知,止,呢,1,,語氣助詞
知,開,三,脂B,平,知,止,胝,0,,
知,合,三,脂B,平,知,止,追,0,,
澄,開,三,脂B,平,知,止,遲,0,,
澄,合,三,脂B,平,知,止,槌,0,,
澄,合,三,脂B,平,知,止,椎,1,,鐵椎
澄,合,三,脂B,平,知,止,椎,1,,脊椎
澄,合,三,脂B,平,知,止,鎚,0,,
澄,開,三,脂B,平,知,止,莉,0,,
生,開,三,脂B,平,莊,止,師,0,,
生,開,三,脂B,平,莊,止,篩,0,,
生,開,三,脂B,平,莊,止,獅,0,,
見,開,三,脂B,平,見,止,肌,0,,
見,合,三,脂B,平,見,止,龜,1,,
,,,,,,,龜,1,,
見,開,三,尤,平,見,流,龜,1,,
見,開,三,脂B,平,見,止,飢,0,,
云,合,三,脂B,平,影,止,帷,0,,
幫,開,三,脂B,平,幫,止,悲,0,,
並,開,三,脂B,平,幫,止,邳,0,,
明,開,三,脂B,平,幫,止,麋,0,,
明,開,三,脂B,平,幫,止,薇,0,,
明,開,三,脂B,平,幫,止,黴,0,,
明,開,三,脂B,平,幫,止,楣,0,,
明,開,三,脂B,平,幫,止,眉,0,,
群,合,三,脂B,平,見,止,逵,0,,
見,合,三,脂B,上,見,止,軌,0,,
見,開,三,脂B,上,見,止,几,0,,
見,合,三,脂B,上,見,止,晷,0,,
幫,開,三,脂B,上,幫,止,鄙,0,,
並,開,三,脂B,上,幫,止,圮,0,,
幫,合,三,尤,上,幫,流,否,1,,否定
並,開,三,脂B,上,幫,止,否,1,,否極泰來
明,開,三,脂B,上,幫,止,美,0,,
娘,開,三,脂B,去,知,止,膩,0,,
知,開,三,脂B,去,知,止,致,0,,
章,開,三,真A,入,章,臻,質,1,,物質
知,開,三,脂B,去,知,止,質,1,,人質
澄,合,三,脂B,去,知,止,墜,0,,
澄,開,三,脂B,去,知,止,稚,0,,
澄,開,三,脂B,去,知,止,緻,0,,
生,合,三,脂B,去,莊,止,帥,0,,
生,合,三,真B,入,莊,臻,率,1,,率領
,,,,,,,率,1,,效率
見,開,三,脂B,去,見,止,冀,0,,
見,合,三,脂B,去,見,止,愧,0,,
溪,開,三,脂B,去,見,止,器,0,,
溪,合,三,脂B,去,見,止,喟,0,,
影,開,三,脂B,去,影,止,懿,0,,
云,合,三,脂B,去,影,止,位,0,,
幫,開,三,脂B,去,幫,止,祕,0,,
幫,開,三,脂B,去,幫,止,費,0,,
幫,開,三,脂B,去,幫,止,泌,0,,
並,開,三,脂B,去,幫,止,備,0,,
明,開,三,脂B,去,幫,止,魅,0,,
明,開,三,脂B,去,幫,止,媚,0,,
群,合,三,脂B,去,見,止,餽,0,,
群,合,三,脂B,去,見,止,櫃,0,,
群,合,三,脂B,去,見,止,饋,0,,
群,開,三,脂B,去,見,止,暨,0,,
群,合,三,脂B,去,見,止,匱,0,,
來,開,三,之,平,來,止,釐,1,,釐定
,,,,,,,釐,1,,恭賀新釐
來,開,三,之,平,來,止,狸,0,,
精,開,三,之,上,精,止,仔,1,,仔細
,,,,,,,仔,1,,豬仔
精,開,三,之,平,精,止,滋,0,,
精,開,三,之,平,精,止,孜,0,,
從,開,三,之,平,精,止,慈,0,,
心,開,三,之,平,精,止,思,1,,思想
心,開,三,之,去,精,止,思,1,,意思
,,,,,,,思,1,,于思
心,開,三,之,平,精,止,絲,0,,
心,開,三,之,去,精,止,伺,1,,窺伺
心,開,三,之,去,精,止,伺,1,,伺候
心,開,三,之,平,精,止,司,0,,
邪,開,三,之,平,精,止,詞,0,,
邪,開,三,之,平,精,止,辭,0,,
邪,開,三,之,平,精,止,祠,0,,
徹,開,三,之,平,知,止,痴,0,,
澄,開,三,之,平,知,止,持,0,,
澄,開,三,之,平,知,止,治,0,,
章,開,三,之,平,章,止,芝,0,,
章,開,三,之,平,章,止,之,0,,
昌,開,三,之,平,章,止,嗤,0,,
常,開,三,之,平,章,止,時,0,,
書,開,三,之,平,章,止,詩,0,,
日,開,三,之,平,日,止,而,0,,
見,開,三,之,平,見,止,居,0,,
見,開,三,之,平,見,止,基,0,,
見,開,三,之,平,見,止,箕,0,,
溪,開,三,之,平,見,止,欺,0,,
疑,開,三,之,平,見,止,疑,0,,
曉,開,三,之,平,影,止,熙,0,,
曉,開,三,之,平,影,止,熹,0,,
曉,開,三,之,平,影,止,嘻,0,,
曉,開,三,之,平,影,止,嬉,0,,
曉,開,三,之,平,影,止,禧,0,,
影,開,三,之,平,影,止,醫,0,,
以,開,三,之,平,以,止,姬,0,,
以,開,三,之,平,以,止,怡,0,,
以,開,三,之,平,以,止,台,1,,古代第一人稱
透,開,一,咍,平,端,蟹,台,1,,天台。地名
以,開,三,之,平,以,止,貽,0,,
以,開,三,之,平,以,止,飴,0,,
以,開,三,之,平,以,止,頤,0,,
群,開,三,之,平,見,止,期,1,,日期
群,開,三,之,平,見,止,期,1,,期年
群,開,三,之,平,見,止,淇,0,,
群,開,三,之,平,見,止,琪,0,,
群,開,三,之,平,見,止,其,0,,
群,開,三,之,平,見,止,旗,0,,
來,開,三,之,上,來,止,里,0,,
來,開,三,之,上,來,止,李,0,,
來,開,三,之,上,來,止,理,0,,
來,開,三,之,上,來,止,鯉,0,,
精,開,三,之,上,精,止,子,0,,
精,開,三,之,上,精,止,梓,0,,
邪,開,三,之,上,精,止,巳,0,,
邪,開,三,之,上,精,止,似,0,,
邪,開,三,之,上,精,止,祀,0,,
邪,開,三,之,上,精,止,耜,0,,
邪,開,三,之,上,精,止,姒,0,,
徹,開,三,之,上,知,止,恥,0,,
徹,開,三,之,上,知,止,祉,0,,
澄,開,三,之,上,知,止,峙,0,,
崇,開,三,之,上,莊,止,仕,0,,
崇,開,三,之,上,莊,止,士,0,,
生,開,三,之,上,莊,止,史,0,,
生,開,三,之,上,莊,止,使,1,,使用
生,開,三,之,去,莊,止,使,1,,使者
生,開,三,之,上,莊,止,駛,0,,
章,開,三,之,上,章,止,止,0,,
章,開,三,之,上,章,止,趾,0,,
章,開,三,之,上,章,止,址,0,,
昌,開,三,之,上,章,止,齒,0,,
常,開,三,之,上,章,止,市,0,,
常,開,三,之,上,章,止,恃,0,,
書,開,三,之,上,章,止,始,0,,
日,開,三,之,上,日,止,耳,0,,
見,開,三,之,上,見,止,己,0,,
見,開,三,之,上,見,止,紀,0,,
溪,開,三,之,上,見,止,杞,0,,
溪,開,三,之,上,見,止,起,0,,
疑,開,三,之,上,見,止,擬,0,,
曉,開,三,之,上,影,止,喜,0,,
云,開,三,之,上,影,止,矣,0,,
以,開,三,之,上,以,止,已,0,,
以,開,三,之,上,以,止,以,0,,
來,開,三,之,去,來,止,吏,0,,
從,開,三,之,去,精,止,字,0,,
邪,開,三,之,去,精,止,嗣,0,,
邪,開,三,之,去,精,止,寺,0,,
邪,開,三,之,去,精,止,飼,0,,
知,開,三,之,去,知,止,置,0,,
澄,開,三,之,去,知,止,植,0,,
澄,開,三,之,去,知,止,值,0,,
莊,開,三,之,去,莊,止,事,0,,
初,開,三,之,去,莊,止,廁,0,,
章,開,三,之,去,章,止,織,0,,
章,開,三,之,去,章,止,誌,0,,
書,開,三,蒸,入,章,曾,識,1,,認識
章,開,三,之,去,章,止,識,1,,默而識之
章,開,三,之,去,章,止,志,0,,
昌,開,三,之,去,章,止,熾,0,,
常,開,三,之,去,章,止,侍,0,,
書,開,三,之,去,章,止,試,0,,
書,開,三,之,去,章,止,幟,0,,
日,開,三,之,去,日,止,餌,0,,
見,開,三,之,去,見,止,記,0,,
溪,開,三,之,去,見,止,亟,1,,亟請
見,開,三,蒸,入,見,曾,亟,1,,亟需
影,開,三,之,去,影,止,意,0,,
以,開,三,之,去,以,止,食,0,,
以,開,三,之,去,以,止,異,0,,
群,開,三,之,去,見,止,忌,0,,
見,合,三,微,平,見,止,歸,0,,
見,開,三,微,平,見,止,嘰,0,,
見,開,三,微,平,見,止,饑,0,,
見,開,三,微,平,見,止,譏,0,,
見,開,三,微,平,見,止,機,0,,
見,開,三,微,平,見,止,磯,0,,
疑,合,三,微,平,見,止,巍,0,,
曉,合,三,微,平,影,止,揮,0,,
曉,合,三,微,平,影,止,輝,0,,
曉,開,三,微,平,影,止,希,0,,
曉,合,三,微,平,影,止,徽,0,,
曉,合,三,微,平,影,止,暉,0,,
曉,開,三,微,平,影,止,稀,0,,
影,開,三,微,平,影,止,依,0,,
影,開,三,微,平,影,止,衣,1,,衣服
影,開,三,微,去,影,止,衣,1,,衣錦還鄉
影,合,三,微,平,影,止,威,0,,
云,合,三,微,平,影,止,圍,0,,
云,合,三,微,平,影,止,違,0,,
云,合,三,微,平,影,止,韋,0,,
幫,合,三,微,平,幫,止,飛,0,,
幫,合,三,微,平,幫,止,非,0,,
幫,合,三,微,平,幫,止,扉,0,,
並,合,三,微,平,幫,止,肥,0,,
明,合,三,微,平,幫,止,微,0,,
滂,合,三,微,平,幫,止,妃,0,,
滂,合,三,微,平,幫,止,菲,1,,芳菲
滂,合,三,微,上,幫,止,菲,1,,菲薄
群,開,三,微,平,見,止,祈,0,,
群,開,三,微,平,見,止,幾,1,,幾個
見,開,三,微,平,見,止,幾,1,,幾乎
見,合,三,微,上,見,止,鬼,0,,
溪,開,三,微,上,見,止,豈,0,,
曉,合,三,微,上,影,止,卉,0,,
云,合,三,微,上,影,止,偉,0,,
云,合,三,微,上,影,止,瑋,0,,
云,合,三,微,上,影,止,葦,0,,
云,合,三,微,上,影,止,煒,0,,
幫,合,三,微,上,幫,止,匪,0,,
明,合,三,微,上,幫,止,尾,0,,
明,合,三,微,上,幫,止,娓,0,,
滂,合,三,微,上,幫,止,悱,0,,
滂,合,三,微,上,幫,止,斐,0,,
見,開,三,微,去,見,止,溉,0,,
見,開,三,微,去,見,止,既,0,,
見,合,三,微,去,見,止,貴,0,,
溪,開,三,微,去,見,止,氣,0,,
疑,合,三,微,去,見,止,魏,0,,
疑,開,三,微,去,見,止,毅,0,,
曉,合,三,微,去,影,止,諱,0,,
曉,開,三,微,去,影,止,愾,0,,
影,合,三,微,去,影,止,蔚,0,,
影,合,三,微,去,影,止,慰,0,,
影,合,三,微,去,影,止,熨,1,,熨斗。訓讀「燙」
影,合,三,文,入,影,臻,熨,1,,熨貼
影,合,三,微,去,影,止,尉,1,,太尉
影,合,三,文,入,影,臻,尉,1,,尉遲
影,合,三,微,去,影,止,畏,0,,
云,合,三,微,去,影,止,胃,0,,
云,合,三,微,去,影,止,渭,0,,
云,合,三,微,去,影,止,謂,0,,
云,合,三,微,去,影,止,彙,0,,
云,合,三,微,去,影,止,蝟,0,,
云,合,三,微,去,影,止,緯,0,,
幫,合,三,微,去,幫,止,芾,1,,蔽芾
幫,合,三,文,入,幫,臻,芾,1,,芾芾
幫,合,三,微,去,幫,止,沸,0,,
並,合,三,微,去,幫,止,翡,0,,
明,合,三,微,去,幫,止,未,0,,
明,合,三,微,去,幫,止,味,0,,
來,開,三,魚,平,來,遇,廬,0,,
來,開,三,魚,平,來,遇,蘆,0,,
來,開,三,魚,平,來,遇,櫚,0,,
來,開,三,魚,平,來,遇,驢,0,,
精,開,三,魚,平,精,遇,且,0,,
清,開,三,魚,平,精,遇,蛆,0,,
從,開,三,魚,上,精,遇,沮,1,,沮喪
清,開,三,魚,平,精,遇,沮,1,,沮水。水名
精,開,三,魚,去,精,遇,沮,1,,沮洳
邪,開,三,魚,平,精,遇,徐,0,,
知,開,三,魚,平,知,遇,豬,0,,
澄,開,三,魚,平,知,遇,涂,0,,
澄,開,三,魚,平,知,遇,躇,0,,
澄,開,三,魚,平,知,遇,除,0,,
澄,開,三,魚,平,知,遇,儲,0,,
澄,開,三,魚,平,知,遇,屠,0,,
知,開,三,魚,去,知,遇,著,1,,顯著
知,開,三,陽,入,知,宕,著,1,,著衫
澄,開,三,陽,入,知,宕,著,1,,著涼
,,,,,,,着,0,,
初,開,三,魚,平,莊,遇,初,0,,
崇,開,三,魚,平,莊,遇,鋤,0,,
生,開,三,魚,平,莊,遇,疏,1,,疏通
生,開,三,魚,去,莊,遇,疏,1,,註疏
生,開,三,魚,平,莊,遇,蔬,0,,
生,開,三,魚,平,莊,遇,梳,0,,
章,開,三,魚,平,章,遇,諸,0,,
章,開,三,魚,平,章,遇,藷,1,,藷蕷
,,,,,,,藷,1,,藷蔗
書,開,三,魚,平,章,遇,舒,0,,
書,開,三,魚,平,章,遇,紓,0,,
書,開,三,魚,平,章,遇,書,0,,
日,開,三,魚,平,日,遇,如,0,,
日,開,三,魚,平,日,遇,茹,0,,
見,開,三,魚,平,見,遇,車,1,,車馬炮
昌,開,三,麻,平,章,假,車,1,,汽車
見,開,三,魚,平,見,遇,据,0,,
溪,開,三,魚,平,見,遇,墟,0,,
疑,開,三,魚,平,見,遇,魚,0,,
疑,開,三,魚,平,見,遇,漁,0,,
疑,開,三,魚,平,見,遇,衙,0,,
曉,開,三,魚,平,影,遇,虛,0,,
曉,開,三,魚,平,影,遇,噓,1,,噓寒問暖
,,,,,,,噓,1,,語氣詞
影,開,三,魚,平,影,遇,於,0,,
以,開,三,魚,平,以,遇,予,1,,古代第一人稱
以,開,三,魚,上,以,遇,予,1,,給予
以,開,三,魚,平,以,遇,餘,0,,
以,開,三,魚,平,以,遇,輿,0,,
以,開,三,魚,平,以,遇,與,1,,同「歟」
,,,,,,,與,1,,我與你
以,開,三,魚,去,以,遇,與,1,,參與
以,開,三,魚,平,以,遇,譽,0,,
以,開,三,魚,平,以,遇,余,0,,
以,開,三,魚,平,以,遇,蜍,0,,
群,開,三,魚,平,見,遇,渠,0,,
娘,開,三,魚,上,知,遇,女,0,,
來,開,三,魚,上,來,遇,旅,0,,
來,開,三,魚,上,來,遇,侶,0,,
來,開,三,魚,上,來,遇,呂,0,,
從,開,三,魚,上,精,遇,咀,0,,
邪,開,三,魚,上,精,遇,嶼,1,,島嶼
,,,,,,,嶼,1,,大嶼山。山名
邪,開,三,魚,上,精,遇,序,0,,
邪,開,三,魚,上,精,遇,敘,0,,
邪,開,三,魚,上,精,遇,緒,0,,
邪,開,三,魚,上,精,遇,抒,0,,
知,開,三,魚,上,知,遇,貯,0,,
澄,開,三,魚,上,知,遇,杼,0,,
澄,開,三,魚,上,知,遇,佇,0,,
莊,開,三,魚,上,莊,遇,阻,0,,
莊,開,三,魚,上,莊,遇,俎,0,,
初,開,三,魚,上,莊,遇,楚,0,,
初,開,三,魚,上,莊,遇,礎,0,,
生,開,三,魚,上,莊,遇,所,0,,
昌,開,三,魚,上,章,遇,杵,0,,
昌,開,三,魚,上,章,遇,處,1,,處理
昌,開,三,魚,去,章,遇,處,1,,住處
常,開,三,魚,上,章,遇,墅,0,,
常,開,三,魚,上,章,遇,野,0,,
書,開,三,魚,上,章,遇,鼠,0,,
書,開,三,魚,上,章,遇,暑,0,,
書,開,三,魚,上,章,遇,黍,0,,
日,開,三,魚,上,日,遇,汝,0,,
見,開,三,魚,上,見,遇,莒,0,,
見,開,三,魚,上,見,遇,舉,0,,
見,開,三,魚,上,見,遇,櫸,0,,
溪,開,三,魚,上,見,遇,去,0,,
疑,開,三,魚,上,見,遇,禦,0,,
疑,開,三,魚,上,見,遇,語,1,,語言
疑,開,三,魚,去,見,遇,語,1,,不以語人
曉,開,三,魚,上,影,遇,許,0,,
群,開,三,魚,上,見,遇,距,0,,
群,開,三,魚,上,見,遇,巨,0,,
群,開,三,魚,上,見,遇,炬,0,,
群,開,三,魚,上,見,遇,鉅,0,,
群,開,三,魚,上,見,遇,拒,0,,
來,開,三,魚,去,來,遇,慮,0,,
心,開,三,魚,去,精,遇,絮,0,,
崇,開,三,魚,去,莊,遇,助,0,,
常,開,三,魚,去,章,遇,署,0,,
常,開,三,魚,去,章,遇,曙,0,,
常,開,三,魚,去,章,遇,薯,0,,
書,開,三,魚,去,章,遇,恕,0,,
書,開,三,魚,去,章,遇,庶,0,,
見,開,三,魚,去,見,遇,踞,0,,
見,開,三,魚,去,見,遇,據,0,,
見,開,三,魚,去,見,遇,鋸,0,,
疑,開,三,魚,去,見,遇,御,0,,
疑,開,三,魚,去,見,遇,馭,0,,
影,開,三,魚,去,影,遇,菸,0,,
以,開,三,魚,去,以,遇,豫,0,,
以,開,三,魚,去,以,遇,預,0,,
群,開,三,魚,去,見,遇,遽,0,,
端,開,一,模,平,端,遇,都,0,,
定,開,一,模,平,端,遇,圖,0,,
定,開,一,模,平,端,遇,途,0,,
定,開,一,模,平,端,遇,塗,0,,
定,開,一,模,平,端,遇,徒,0,,
定,開,一,模,平,端,遇,荼,1,,如火如荼
,,,,,,,荼,1,,神荼
定,開,一,模,平,端,遇,鍍,0,,
定,開,一,模,平,端,遇,菟,0,,
泥,開,一,模,平,端,遇,奴,0,,
來,開,一,模,平,來,遇,盧,0,,
來,開,一,模,平,來,遇,顱,0,,
來,開,一,模,平,來,遇,爐,0,,
精,開,一,模,平,精,遇,租,0,,
心,開,一,模,平,精,遇,蘇,0,,
心,開,一,模,平,精,遇,酥,0,,
心,開,一,模,平,精,遇,穌,0,,
見,開,一,模,平,見,遇,辜,0,,
見,開,一,模,平,見,遇,箍,0,,
見,開,一,模,平,見,遇,孤,0,,
,,,,,,,呱,1,,頂呱呱
見,開,一,模,平,見,遇,呱,1,,呱呱墜地
見,開,一,模,平,見,遇,沽,0,,
見,開,一,模,平,見,遇,姑,0,,
溪,開,一,模,平,見,遇,枯,0,,
疑,開,一,模,平,見,遇,蜈,0,,
疑,開,一,模,平,見,遇,梧,0,,
疑,開,一,模,平,見,遇,吾,0,,
疑,開,一,模,平,見,遇,吳,0,,
曉,開,一,模,平,影,遇,呼,0,,
匣,開,一,模,平,影,遇,糊,0,,
匣,開,一,模,平,影,遇,瑚,0,,
匣,開,一,模,平,影,遇,胡,0,,
匣,開,一,模,平,影,遇,瓠,0,,
匣,開,一,模,平,影,遇,壺,0,,
匣,開,一,模,平,影,遇,湖,0,,
匣,開,一,模,平,影,遇,弧,0,,
匣,開,一,模,平,影,遇,葫,0,,
匣,開,一,模,平,影,遇,狐,0,,
匣,開,一,模,平,影,遇,乎,0,,
影,開,一,模,平,影,遇,嗚,0,,
影,開,一,模,平,影,遇,烏,0,,
影,開,一,唐,入,影,宕,惡,1,,惡毒
影,開,一,模,去,影,遇,惡,1,,可惡
影,開,一,模,平,影,遇,惡,1,,惡乎
並,開,一,模,平,幫,遇,樸,0,,
並,開,一,模,平,幫,遇,菩,0,,
並,開,一,模,平,幫,遇,匍,0,,
並,開,一,模,平,幫,遇,蒲,0,,
明,開,一,模,平,幫,遇,模,0,,
明,開,一,模,平,幫,遇,摸,0,,
明,開,一,唐,入,幫,宕,膜,1,,薄膜
明,開,一,模,平,幫,遇,膜,1,,膜拜
端,開,一,模,上,端,遇,睹,0,,
端,開,一,模,上,端,遇,堵,0,,
端,開,一,模,上,端,遇,賭,0,,
透,開,一,模,上,端,遇,土,0,,
透,開,一,模,上,端,遇,吐,0,,
定,開,一,模,上,端,遇,肚,0,,
定,開,一,模,上,端,遇,杜,0,,
泥,開,一,模,上,端,遇,努,0,,
泥,開,一,模,上,端,遇,怒,0,,
泥,開,一,模,上,端,遇,弩,0,,
來,開,一,模,上,來,遇,擄,0,,
來,開,一,模,上,來,遇,虜,0,,
來,開,一,模,上,來,遇,滷,0,,
來,開,一,模,上,來,遇,魯,0,,
來,開,一,模,上,來,遇,櫓,0,,
精,開,一,模,上,精,遇,組,0,,
精,開,一,模,上,精,遇,祖,0,,
從,開,一,模,上,精,遇,粗,0,,
見,開,一,模,上,見,遇,詁,0,,
見,開,一,模,上,見,遇,鼓,0,,
見,開,一,模,上,見,遇,估,1,,估計
見,開,一,模,上,見,遇,估,1,,估衣
見,開,一,模,上,見,遇,古,0,,
見,開,一,模,上,見,遇,股,0,,
見,開,一,模,上,見,遇,賈,1,,商賈
見,開,二,麻,上,見,假,賈,1,,賈姓
溪,開,一,模,上,見,遇,苦,0,,
疑,開,一,模,上,見,遇,午,0,,
疑,開,一,模,上,見,遇,五,0,,
疑,開,一,模,上,見,遇,伍,0,,
曉,開,一,模,上,影,遇,琥,0,,
曉,開,一,模,上,影,遇,虎,0,,
曉,開,一,模,上,影,遇,滸,0,,
匣,開,一,模,上,影,遇,雇,0,,
匣,開,一,模,上,影,遇,滬,0,,
匣,開,一,模,上,影,遇,扈,0,,
匣,開,一,模,上,影,遇,戶,0,,
影,開,一,模,上,影,遇,塢,1,,山塢
影,開,一,模,上,影,遇,塢,1,,船塢
幫,開,一,模,上,幫,遇,圃,0,,
幫,開,一,模,上,幫,遇,譜,0,,
幫,開,一,模,上,幫,遇,補,0,,
並,開,一,模,上,幫,遇,簿,0,,
並,開,一,模,上,幫,遇,部,0,,
明,開,一,模,上,幫,遇,媽,0,,
明,開,一,模,上,幫,遇,莽,0,,
滂,開,一,模,上,幫,遇,浦,0,,
滂,開,一,模,上,幫,遇,普,0,,
端,開,一,模,去,端,遇,妒,0,,
透,開,一,模,去,端,遇,兔,0,,
定,開,一,模,去,端,遇,渡,0,,
定,開,一,模,去,端,遇,度,1,,度量衡
定,開,一,唐,入,端,宕,度,1,,量度
來,開,一,模,去,來,遇,路,0,,
來,開,一,模,去,來,遇,鷺,0,,
來,開,一,模,去,來,遇,露,0,,
來,開,一,模,去,來,遇,賂,0,,
精,開,一,模,去,精,遇,作,0,,
清,開,一,模,去,精,遇,措,0,,
清,開,一,模,去,精,遇,醋,0,,
清,開,一,模,去,精,遇,厝,0,,
清,開,一,唐,入,精,宕,錯,1,,錯誤
清,開,一,唐,入,精,宕,錯,1,,交錯
清,開,一,模,去,精,遇,錯,1,,同「措」
心,開,一,模,去,精,遇,訴,0,,
心,開,一,模,去,精,遇,塑,0,,
心,開,一,模,去,精,遇,素,0,,
見,開,一,模,去,見,遇,固,0,,
見,開,一,模,去,見,遇,鯝,0,,
見,開,一,模,去,見,遇,故,0,,
見,開,一,模,去,見,遇,顧,0,,
見,開,一,模,去,見,遇,錮,0,,
溪,開,一,模,去,見,遇,庫,0,,
疑,開,一,模,去,見,遇,悟,0,,
疑,開,一,模,去,見,遇,寤,0,,
疑,開,一,模,去,見,遇,誤,0,,
疑,開,一,模,去,見,遇,晤,0,,
匣,開,一,模,去,影,遇,互,0,,
匣,開,一,模,去,影,遇,護,0,,
幫,開,一,模,去,幫,遇,布,0,,
幫,開,一,模,去,幫,遇,佈,0,,
並,開,一,模,去,幫,遇,步,0,,
並,開,一,模,去,幫,遇,捕,0,,
並,開,一,模,去,幫,遇,哺,0,,
明,開,一,模,去,幫,遇,慕,0,,
明,開,一,模,去,幫,遇,墓,0,,
明,開,一,模,去,幫,遇,暮,0,,
明,開,一,模,去,幫,遇,募,0,,
滂,開,一,模,去,幫,遇,怖,0,,
來,合,三,虞,平,來,遇,摟,0,,
來,合,三,虞,平,來,遇,鏤,0,,
清,合,三,虞,平,精,遇,趨,0,,
心,合,三,虞,平,精,遇,鬚,0,,
心,合,三,虞,平,精,遇,需,0,,
心,合,三,虞,平,精,遇,須,0,,
心,合,三,虞,平,精,遇,娶,0,,
知,合,三,虞,平,知,遇,株,0,,
知,合,三,虞,平,知,遇,列,0,,
知,合,三,虞,平,知,遇,蛛,0,,
澄,合,三,虞,平,知,遇,廚,0,,
崇,合,三,虞,平,莊,遇,雛,0,,
章,合,三,虞,平,章,遇,朱,0,,
章,合,三,虞,平,章,遇,珠,0,,
章,合,三,虞,平,章,遇,侏,0,,
昌,合,三,虞,平,章,遇,樞,0,,
常,合,三,虞,平,章,遇,殊,0,,
常,合,三,虞,平,章,遇,茱,0,,
書,合,三,虞,平,章,遇,輸,0,,
日,合,三,虞,平,日,遇,嚅,0,,
日,合,三,虞,平,日,遇,儒,0,,
日,合,三,虞,平,日,遇,懦,0,,
見,合,三,虞,平,見,遇,俱,0,,
見,合,三,虞,平,見,遇,拘,0,,
溪,合,三,虞,平,見,遇,嶇,0,,
溪,合,三,虞,平,見,遇,軀,0,,
溪,合,三,虞,平,見,遇,驅,0,,
溪,合,三,虞,平,見,遇,摳,0,,
溪,合,三,虞,平,見,遇,區,1,,區別
影,開,一,侯,平,影,流,區,1,,區姓
疑,合,三,虞,平,見,遇,隅,0,,
疑,合,三,虞,平,見,遇,虞,0,,
疑,合,三,虞,平,見,遇,愚,0,,
疑,合,三,虞,平,見,遇,娛,0,,
曉,合,三,虞,平,影,遇,吁,0,,
云,合,三,虞,平,影,遇,于,0,,
云,合,三,虞,平,影,遇,汙,0,,
云,合,三,虞,平,影,遇,迂,0,,
云,合,三,虞,平,影,遇,芋,0,,
云,合,三,虞,平,影,遇,盂,0,,
以,合,三,虞,平,以,遇,萸,0,,
以,合,三,虞,平,以,遇,逾,0,,
以,合,三,虞,平,以,遇,瑜,0,,
以,合,三,虞,平,以,遇,榆,0,,
以,合,三,虞,平,以,遇,諛,0,,
以,合,三,虞,平,以,遇,舀,0,,
以,合,三,虞,平,以,遇,渝,0,,
以,合,三,虞,平,以,遇,愉,0,,
幫,合,三,虞,平,幫,遇,膚,0,,
幫,合,三,虞,平,幫,遇,夫,1,,農夫
並,合,三,虞,平,幫,遇,夫,1,,古代指示詞、代詞、助詞
並,合,三,虞,平,幫,遇,符,0,,
並,合,三,虞,平,幫,遇,芙,0,,
並,合,三,虞,平,幫,遇,苻,0,,
並,合,三,虞,平,幫,遇,扶,0,,
明,合,三,虞,平,幫,遇,蕪,0,,
明,合,三,虞,平,幫,遇,無,0,,
明,合,三,虞,平,幫,遇,巫,0,,
明,合,三,虞,平,幫,遇,誣,0,,
明,合,三,虞,平,幫,遇,毋,0,,
滂,合,三,虞,平,幫,遇,鋪,1,,鋪張
滂,開,一,模,去,幫,遇,鋪,1,,店鋪
滂,合,三,虞,平,幫,遇,孵,0,,
滂,合,三,虞,平,幫,遇,敷,0,,
滂,合,三,虞,平,幫,遇,俘,0,,
群,合,三,虞,平,見,遇,瞿,1,,瞿塘峽
見,合,三,虞,去,見,遇,瞿,1,,瞿然一驚
群,合,三,虞,平,見,遇,句,0,,
來,合,三,虞,上,來,遇,縷,0,,
清,合,三,虞,上,精,遇,取,0,,
從,合,三,虞,上,精,遇,聚,0,,
知,合,三,虞,上,知,遇,拄,0,,
澄,合,三,虞,上,知,遇,柱,0,,
生,合,三,虞,上,莊,遇,數,1,,～數
生,合,三,虞,去,莊,遇,數,1,,數字
生,開,二,江,入,莊,江,數,1,,數見不鮮
章,合,三,虞,上,章,遇,主,0,,
常,合,三,虞,上,章,遇,樹,0,,
常,合,三,虞,上,章,遇,豎,0,,
日,合,三,虞,上,日,遇,乳,0,,
見,合,三,虞,上,見,遇,矩,0,,
曉,合,三,虞,上,影,遇,煦,0,,
影,合,三,虞,上,影,遇,噢,0,,
云,合,三,虞,上,影,遇,栩,0,,
云,合,三,虞,上,影,遇,雨,1,,落雨
云,合,三,虞,去,影,遇,雨,1,,雨我公田
云,合,三,虞,上,影,遇,羽,0,,
云,合,三,虞,上,影,遇,宇,0,,
云,合,三,虞,上,影,遇,禹,0,,
以,合,三,虞,上,以,遇,愈,0,,
幫,合,三,虞,上,幫,遇,斧,0,,
幫,合,三,虞,上,幫,遇,脯,1,,肉脯
幫,合,三,虞,上,幫,遇,脯,1,,胸脯
幫,合,三,虞,上,幫,遇,俯,0,,
幫,合,三,虞,上,幫,遇,父,0,,
幫,合,三,虞,上,幫,遇,府,0,,
幫,合,三,虞,上,幫,遇,甫,1,,台甫
幫,合,三,虞,上,幫,遇,甫,1,,十八甫
並,合,三,虞,上,幫,遇,腐,0,,
並,合,三,虞,上,幫,遇,輔,0,,
明,合,三,虞,上,幫,遇,武,0,,
明,合,三,虞,上,幫,遇,侮,0,,
明,合,三,虞,上,幫,遇,鵡,0,,
明,合,三,虞,上,幫,遇,舞,0,,
滂,合,三,虞,上,幫,遇,撫,0,,
滂,合,三,虞,上,幫,遇,剖,0,,
來,合,三,虞,去,來,遇,屢,0,,
精,開,三,鍾,入,精,通,足,1,,足跡
精,合,三,虞,去,精,遇,足,1,,足恭
知,合,三,虞,去,知,遇,駐,0,,
澄,合,三,虞,去,知,遇,逗,0,,
澄,合,三,虞,去,知,遇,住,0,,
章,合,三,虞,去,章,遇,註,0,,
章,合,三,虞,去,章,遇,蛀,0,,
章,合,三,虞,去,章,遇,鑄,0,,
章,合,三,虞,去,章,遇,注,0,,
日,合,三,虞,去,日,遇,孺,0,,
疑,合,三,虞,去,見,遇,遇,0,,
疑,合,三,虞,去,見,遇,寓,0,,
影,合,三,虞,去,影,遇,嫗,0,,
以,合,三,虞,去,以,遇,喻,0,,
以,合,三,虞,去,以,遇,諭,0,,
以,合,三,虞,去,以,遇,籲,0,,
以,合,三,虞,去,以,遇,裕,0,,
幫,合,三,虞,去,幫,遇,付,0,,
幫,合,三,虞,去,幫,遇,搏,0,,
幫,合,三,虞,去,幫,遇,傅,1,,師傅
,,,,,,,傅,1,,傅粉施朱
幫,合,三,虞,去,幫,遇,賦,0,,
並,合,三,虞,去,幫,遇,附,0,,
並,合,三,虞,去,幫,遇,駙,0,,
明,合,三,虞,去,幫,遇,務,0,,
明,合,三,虞,去,幫,遇,霧,0,,
明,合,三,虞,去,幫,遇,婺,0,,
滂,合,三,虞,去,幫,遇,仆,0,,
滂,合,三,虞,去,幫,遇,赴,0,,
群,合,三,虞,去,見,遇,具,0,,
群,合,三,虞,去,見,遇,懼,0,,
端,開,一,泰,去,端,蟹,帶,0,,
透,開,一,泰,去,端,蟹,汰,0,,
透,開,一,泰,去,端,蟹,太,0,,
透,開,一,泰,去,端,蟹,泰,0,,
定,開,一,泰,去,端,蟹,大,0,,
定,合,一,泰,去,端,蟹,兌,0,,
泥,開,一,泰,去,端,蟹,奈,0,,
來,開,一,泰,去,來,蟹,籟,0,,
來,開,一,泰,去,來,蟹,賴,0,,
來,開,一,泰,去,來,蟹,癩,0,,
精,合,一,泰,去,精,蟹,最,0,,
清,開,一,泰,去,精,蟹,蔡,0,,
見,開,一,泰,去,見,蟹,蓋,1,,杯蓋
見,開,一,泰,去,見,蟹,蓋,1,,覆蓋
見,合,一,泰,去,見,蟹,膾,0,,
見,合,一,泰,去,見,蟹,檜,0,,
見,開,一,泰,去,見,蟹,丐,0,,
溪,開,一,泰,去,見,蟹,磕,0,,
溪,開,一,泰,去,見,蟹,轄,0,,
疑,合,一,泰,去,見,蟹,外,0,,
疑,開,一,泰,去,見,蟹,艾,0,,
曉,合,一,泰,去,影,蟹,渙,0,,
匣,合,一,泰,去,影,蟹,會,1,,會面
見,合,一,泰,去,見,蟹,會,1,,會計
,,,,,,,會,1,,懂得
匣,合,一,泰,去,影,蟹,繪,0,,
匣,開,一,泰,去,影,蟹,害,0,,
影,開,一,泰,去,影,蟹,藹,0,,
幫,開,一,泰,去,幫,蟹,貝,0,,
幫,開,一,泰,去,幫,蟹,沛,0,,
幫,開,一,泰,去,幫,蟹,狽,0,,
明,開,一,泰,去,幫,蟹,沫,0,,
曉,合,三,廢,去,影,蟹,喙,0,,
影,合,三,廢,去,影,蟹,穢,0,,
幫,合,三,廢,去,幫,蟹,廢,0,,
並,合,三,廢,去,幫,蟹,吠,0,,
滂,合,三,廢,去,幫,蟹,肺,0,,
崇,開,二,夬,去,莊,蟹,寨,0,,
溪,合,二,夬,去,見,蟹,快,0,,
匣,合,二,夬,去,影,蟹,話,0,,
影,開,二,夬,去,影,蟹,喝,0,,
並,開,二,夬,去,幫,蟹,敗,0,,
明,開,二,夬,去,幫,蟹,邁,0,,
初,開,二,佳,平,莊,蟹,叉,0,,
崇,開,二,麻,平,莊,假,查,1,,檢查
,,,,,,,查,1,,查姓
崇,開,二,佳,平,莊,蟹,柴,0,,
見,合,二,佳,平,見,蟹,蝸,0,,
見,開,二,佳,平,見,蟹,佳,0,,
見,開,二,佳,平,見,蟹,街,0,,
見,合,二,佳,平,見,蟹,媧,0,,
匣,開,二,佳,平,影,蟹,鞋,0,,
影,合,二,佳,平,影,蟹,蛙,0,,
影,開,二,佳,平,影,蟹,哇,0,,
影,開,二,佳,平,影,蟹,娃,0,,
並,開,二,佳,平,幫,蟹,牌,0,,
見,合,二,佳,上,見,蟹,枴,0,,
匣,合,二,佳,上,影,蟹,夥,0,,
見,開,二,佳,上,見,蟹,解,1,,解決
見,開,二,佳,去,見,蟹,解,1,,解款
匣,開,二,佳,去,影,蟹,解,1,,解姓
匣,開,二,佳,上,影,蟹,蟹,0,,
影,開,二,佳,上,影,蟹,矮,0,,
幫,開,二,佳,上,幫,蟹,擺,0,,
明,開,二,佳,上,幫,蟹,買,0,,
群,開,二,佳,上,見,蟹,拐,0,,
莊,開,二,佳,去,莊,蟹,債,0,,
見,合,二,佳,去,見,蟹,掛,0,,
見,開,二,佳,去,見,蟹,懈,0,,
見,合,二,佳,去,見,蟹,卦,0,,
匣,開,二,佳,去,影,蟹,邂,0,,
匣,合,二,佳,去,影,蟹,畫,1,,圖畫
匣,合,二,耕,入,影,梗,畫,1,,畫圖
明,開,二,佳,去,幫,蟹,賣,0,,
滂,開,二,佳,去,幫,蟹,派,0,,
莊,開,二,皆,平,莊,蟹,齋,0,,
見,開,二,皆,平,見,蟹,階,0,,
見,開,二,皆,平,見,蟹,楷,1,,楷書
溪,開,二,皆,上,見,蟹,楷,1,,楷樹
見,開,二,皆,平,見,蟹,偕,0,,
見,開,二,皆,平,見,蟹,皆,0,,
見,合,二,皆,平,見,蟹,乖,0,,
溪,合,二,皆,平,見,蟹,匯,0,,
匣,開,二,皆,平,影,蟹,骸,0,,
匣,合,二,皆,平,影,蟹,淮,0,,
匣,合,二,皆,平,影,蟹,槐,0,,
匣,合,二,皆,平,影,蟹,懷,0,,
匣,開,二,皆,平,影,蟹,諧,0,,
並,開,二,皆,平,幫,蟹,排,0,,
明,開,二,皆,平,幫,蟹,霾,0,,
明,開,二,皆,平,幫,蟹,埋,0,,
匣,開,二,皆,上,影,蟹,駭,0,,
影,開,二,皆,上,影,蟹,挨,0,,
生,開,二,山,入,莊,山,殺,1,,殺敵
生,開,二,皆,去,莊,蟹,殺,1,,殺哀
見,開,二,皆,去,見,蟹,介,0,,
見,開,二,皆,去,見,蟹,誡,0,,
見,合,二,皆,去,見,蟹,壞,0,,
見,合,二,皆,去,見,蟹,怪,0,,
見,開,二,皆,去,見,蟹,屆,0,,
見,開,二,皆,去,見,蟹,芥,0,,
見,開,二,皆,去,見,蟹,尬,0,,
見,開,二,皆,去,見,蟹,界,0,,
見,開,二,皆,去,見,蟹,戒,0,,
溪,開,二,皆,去,見,蟹,劾,0,,
匣,開,二,皆,去,影,蟹,械,0,,
幫,開,二,皆,去,幫,蟹,拜,0,,
,,,,,,,扒,1,,扒飯
,,,,,,,扒,1,,扒皮
並,開,二,皆,去,幫,蟹,憊,0,,
滂,開,二,皆,去,幫,蟹,湃,0,,
來,開,三,祭A,去,來,蟹,厲,0,,
來,開,三,祭A,去,來,蟹,例,0,,
來,開,三,祭A,去,來,蟹,蠣,0,,
來,開,三,祭A,去,來,蟹,勵,0,,
精,開,三,祭A,去,精,蟹,際,0,,
精,開,三,祭A,去,精,蟹,祭,0,,
清,合,三,祭A,去,精,蟹,脆,0,,
心,合,三,祭A,去,精,蟹,歲,0,,
章,開,三,祭A,去,章,蟹,制,0,,
章,合,三,祭A,去,章,蟹,贅,0,,
章,開,三,祭A,去,章,蟹,製,0,,
昌,開,三,祭A,去,章,蟹,掣,0,,
常,開,三,祭A,去,章,蟹,逝,0,,
常,開,三,祭A,去,章,蟹,噬,0,,
常,開,三,祭A,去,章,蟹,誓,0,,
書,合,三,仙A,入,章,山,說,1,,講
書,合,三,祭A,去,章,蟹,說,1,,以言服人
以,合,三,仙A,入,以,山,說,1,,同「悅」
書,開,三,祭A,去,章,蟹,世,0,,
書,合,三,祭A,去,章,蟹,蛻,0,,
書,合,三,祭A,去,章,蟹,稅,0,,
書,開,三,祭A,去,章,蟹,勢,0,,
日,合,三,祭A,去,日,蟹,鈉,0,,
疑,開,三,祭A,去,見,蟹,藝,0,,
,,,,,,,洩,1,,排洩
以,開,三,祭A,去,以,蟹,洩,1,,洩洩
以,合,三,祭A,去,以,蟹,銳,0,,
以,開,三,祭A,去,以,蟹,曳,0,,
以,開,三,祭A,去,以,蟹,泄,0,,
以,開,三,祭A,去,以,蟹,裔,0,,
幫,開,三,祭A,去,幫,蟹,蔽,0,,
幫,開,三,祭A,去,幫,蟹,彆,0,,
並,開,三,祭A,去,幫,蟹,敝,0,,
並,開,三,祭A,去,幫,蟹,斃,0,,
並,開,三,祭A,去,幫,蟹,弊,0,,
並,開,三,祭A,去,幫,蟹,幣,0,,
知,合,三,祭B,去,知,蟹,輟,0,,
知,合,三,祭B,去,知,蟹,啜,0,,
知,合,三,祭B,去,知,蟹,綴,1,,點綴
知,合,三,仙B,入,知,山,綴,1,,綴足
澄,開,三,祭B,去,知,蟹,滯,0,,
見,合,三,祭B,去,見,蟹,鱖,0,,
溪,開,三,祭B,去,見,蟹,憩,0,,
溪,開,三,祭B,去,見,蟹,揭,0,,
云,合,三,祭B,去,影,蟹,衛,0,,
端,開,四,齊,平,端,蟹,柢,0,,
端,開,四,齊,平,端,蟹,低,0,,
透,開,四,齊,平,端,蟹,梯,0,,
定,開,四,齊,平,端,蟹,蹄,0,,
定,開,四,齊,平,端,蟹,啼,0,,
定,開,四,齊,平,端,蟹,締,0,,
定,開,四,齊,平,端,蟹,題,0,,
章,開,三,仙A,入,章,山,折,1,,骨折
常,開,三,仙A,入,章,山,折,1,,折本
泥,開,四,齊,平,端,蟹,泥,1,,泥土
泥,開,四,齊,去,端,蟹,泥,1,,拘泥
來,開,四,齊,平,來,蟹,犁,0,,
來,開,四,齊,平,來,蟹,黎,0,,
精,開,四,齊,平,精,蟹,擠,0,,
清,開,四,齊,平,精,蟹,妻,0,,
清,開,四,齊,平,精,蟹,萋,0,,
清,開,四,齊,平,精,蟹,淒,0,,
清,開,四,齊,平,精,蟹,悽,0,,
從,開,四,齊,平,精,蟹,齊,1,,整齊
,,,,,,,齊,1,,齊衰
從,開,四,齊,平,精,蟹,臍,0,,
心,開,四,齊,平,精,蟹,棲,0,,
心,開,四,齊,平,精,蟹,犀,0,,
心,開,四,齊,平,精,蟹,撕,0,,
心,開,四,齊,平,精,蟹,西,0,,
心,開,四,齊,平,精,蟹,嘶,0,,
見,合,四,齊,平,見,蟹,圭,0,,
見,開,四,齊,平,見,蟹,雞,0,,
見,合,四,齊,平,見,蟹,閨,0,,
見,合,四,齊,平,見,蟹,鮭,0,,
見,開,四,齊,平,見,蟹,稽,1,,無稽之談
溪,開,四,齊,上,見,蟹,稽,1,,稽首
溪,開,四,齊,平,見,蟹,溪,0,,
溪,合,四,齊,平,見,蟹,睽,0,,
溪,開,四,齊,平,見,蟹,谿,0,,
疑,開,四,齊,平,見,蟹,霓,0,,
疑,開,四,齊,平,見,蟹,倪,0,,
匣,開,四,齊,平,影,蟹,奚,0,,
匣,合,四,齊,平,影,蟹,攜,0,,
匣,開,四,齊,平,影,蟹,兮,0,,
匣,合,四,齊,平,影,蟹,畦,0,,
明,開,四,齊,平,幫,蟹,迷,0,,
滂,開,四,齊,平,幫,蟹,批,0,,
端,開,四,齊,上,端,蟹,抵,0,,
端,開,四,齊,上,端,蟹,牴,0,,
端,開,四,齊,上,端,蟹,底,0,,
端,開,四,齊,上,端,蟹,邸,0,,
透,開,四,齊,上,端,蟹,涕,0,,
透,開,四,齊,上,端,蟹,體,0,,
定,開,四,齊,上,端,蟹,遞,0,,
定,開,四,齊,上,端,蟹,弟,0,,
來,開,四,齊,上,來,蟹,豊,0,,
來,開,四,齊,上,來,蟹,禮,0,,
精,開,四,齊,上,精,蟹,濟,1,,人才濟濟
精,開,四,齊,去,精,蟹,濟,1,,救濟
心,開,四,齊,上,精,蟹,洗,0,,
並,開,四,齊,上,幫,蟹,陛,0,,
明,開,四,齊,上,幫,蟹,米,0,,
端,開,四,齊,去,端,蟹,帝,0,,
端,開,四,齊,去,端,蟹,嚏,0,,
端,開,四,齊,去,端,蟹,諦,0,,
透,開,四,齊,去,端,蟹,剃,0,,
透,開,四,齊,去,端,蟹,替,0,,
定,開,四,齊,去,端,蟹,逮,0,,
定,開,四,齊,去,端,蟹,第,0,,
來,開,四,齊,去,來,蟹,捩,1,,琵琶撥法
來,開,四,先,入,來,山,捩,1,,捩手
來,開,四,齊,去,來,蟹,隸,0,,
來,開,四,齊,去,來,蟹,戾,0,,
清,開,四,齊,去,精,蟹,砌,0,,
清,開,四,齊,去,精,蟹,切,1,,一切
清,開,四,先,入,精,山,切,1,,急切
心,開,四,齊,去,精,蟹,細,0,,
見,開,四,齊,去,見,蟹,髻,0,,
見,合,四,齊,去,見,蟹,桂,0,,
見,開,四,齊,去,見,蟹,計,0,,
匣,開,四,齊,去,影,蟹,繫,1,,聯繫
見,開,四,齊,去,見,蟹,繫,1,,繫鞋帶
見,開,四,齊,去,見,蟹,繼,0,,
見,開,四,齊,去,見,蟹,係,0,,
溪,開,四,齊,去,見,蟹,契,1,,契約
溪,開,三,欣,入,見,臻,契,1,,契丹
溪,開,四,先,入,見,山,契,1,,殷商的始祖
疑,開,四,齊,去,見,蟹,羿,0,,
匣,合,四,齊,去,影,蟹,蕙,0,,
匣,開,四,齊,去,影,蟹,系,0,,
匣,合,四,齊,去,影,蟹,惠,0,,
匣,合,四,齊,去,影,蟹,慧,0,,
幫,開,四,齊,去,幫,蟹,閉,0,,
明,開,四,齊,去,幫,蟹,謎,0,,
滂,開,四,齊,去,幫,蟹,媲,0,,
透,開,一,咍,平,端,蟹,胎,0,,
定,開,一,咍,平,端,蟹,臺,0,,
定,開,一,咍,平,端,蟹,檯,0,,
定,開,一,咍,平,端,蟹,苔,1,,青苔
定,開,一,咍,平,端,蟹,苔,1,,舌苔
泥,開,一,咍,平,端,蟹,能,0,,
來,開,一,咍,平,來,蟹,來,0,,
來,開,一,咍,平,來,蟹,萊,0,,
精,開,一,咍,平,精,蟹,災,0,,
精,開,一,咍,平,精,蟹,哉,0,,
精,開,一,咍,平,精,蟹,栽,0,,
清,開,一,咍,平,精,蟹,猜,0,,
從,開,一,咍,平,精,蟹,材,0,,
從,開,一,咍,平,精,蟹,財,0,,
從,開,一,咍,平,精,蟹,裁,0,,
從,開,一,咍,平,精,蟹,才,0,,
心,開,一,咍,平,精,蟹,鰓,0,,
見,開,一,咍,平,見,蟹,該,0,,
見,開,一,咍,平,見,蟹,賅,0,,
溪,開,一,咍,平,見,蟹,開,0,,
疑,開,一,咍,平,見,蟹,皚,0,,
匣,開,一,咍,平,影,蟹,孩,0,,
,,,,,,,咳,1,,咳嗽
匣,開,一,咍,平,影,蟹,咳,1,,小兒笑
影,開,一,咍,平,影,蟹,唉,0,,
影,開,一,咍,平,影,蟹,哀,0,,
影,開,一,咍,平,影,蟹,埃,0,,
影,開,一,咍,上,影,蟹,欸,1,,
,,,,,,,欸,1,,
端,開,一,咍,上,端,蟹,等,0,,
定,開,一,咍,上,端,蟹,怠,0,,
定,開,一,咍,上,端,蟹,待,0,,
定,開,一,咍,上,端,蟹,殆,0,,
泥,開,一,咍,上,端,蟹,迺,0,,
泥,開,一,咍,上,端,蟹,乃,0,,
精,開,一,咍,上,精,蟹,載,1,,一年半載
精,開,一,咍,去,精,蟹,載,1,,記載
精,開,一,咍,上,精,蟹,宰,0,,
清,開,一,咍,上,精,蟹,採,0,,
清,開,一,咍,上,精,蟹,采,0,,
清,開,一,咍,上,精,蟹,彩,0,,
清,開,一,咍,上,精,蟹,綵,0,,
從,開,一,咍,上,精,蟹,在,0,,
見,開,一,咍,上,見,蟹,改,0,,
溪,開,一,咍,上,見,蟹,凱,0,,
曉,開,一,咍,上,影,蟹,海,0,,
匣,開,一,咍,上,影,蟹,亥,0,,
端,開,一,咍,去,端,蟹,戴,0,,
透,開,一,咍,去,端,蟹,態,0,,
透,開,一,咍,去,端,蟹,貸,0,,
定,開,一,咍,去,端,蟹,岱,0,,
定,開,一,咍,去,端,蟹,代,0,,
定,開,一,咍,去,端,蟹,袋,0,,
定,開,一,咍,去,端,蟹,黛,0,,
泥,開,一,咍,去,端,蟹,耐,0,,
來,開,一,咍,去,來,蟹,睞,0,,
精,開,一,咍,去,精,蟹,再,0,,
清,開,一,咍,去,精,蟹,菜,0,,
心,開,一,登,入,精,曾,塞,1,,塞車
心,開,一,咍,去,精,蟹,塞,1,,塞外
心,開,一,咍,去,精,蟹,賽,0,,
見,開,一,咍,去,見,蟹,概,0,,
溪,開,一,咍,去,見,蟹,慨,0,,
疑,開,一,咍,去,見,蟹,礙,0,,
影,開,一,咍,去,影,蟹,愛,0,,
端,合,一,灰,平,端,蟹,搥,0,,
端,合,一,灰,平,端,蟹,堆,0,,
端,合,一,灰,平,端,蟹,敦,0,,
定,合,一,灰,平,端,蟹,頹,0,,
來,合,一,灰,平,來,蟹,雷,0,,
來,合,一,灰,平,來,蟹,儡,0,,
來,合,一,灰,平,來,蟹,鐳,0,,
清,合,一,灰,平,精,蟹,崔,0,,
清,合,一,灰,平,精,蟹,催,0,,
從,合,一,灰,平,精,蟹,摧,0,,
心,合,一,灰,平,精,蟹,蓑,0,,
溪,合,一,灰,上,見,蟹,傀,1,,傀儡
見,合,一,灰,平,見,蟹,傀,1,,傀偉
溪,合,一,灰,平,見,蟹,恢,0,,
溪,合,一,灰,平,見,蟹,魁,0,,
溪,合,一,灰,平,見,蟹,盔,0,,
疑,合,一,灰,平,見,蟹,桅,0,,
疑,合,一,灰,平,見,蟹,嵬,0,,
曉,合,一,灰,平,影,蟹,灰,0,,
匣,合,一,灰,平,影,蟹,回,0,,
匣,合,一,灰,平,影,蟹,瑰,1,,玫瑰
見,合,一,灰,平,見,蟹,瑰,1,,瑰麗
匣,合,一,灰,平,影,蟹,洄,0,,
匣,合,一,灰,平,影,蟹,迴,0,,
匣,合,一,灰,平,影,蟹,徊,0,,
影,合,一,灰,平,影,蟹,偎,0,,
幫,合,一,灰,平,幫,蟹,杯,0,,
幫,合,一,灰,平,幫,蟹,盃,0,,
並,合,一,灰,平,幫,蟹,陪,0,,
並,合,一,灰,平,幫,蟹,徘,0,,
並,合,一,灰,平,幫,蟹,培,0,,
明,合,一,灰,平,幫,蟹,媒,0,,
明,合,一,灰,平,幫,蟹,莓,0,,
明,合,一,灰,平,幫,蟹,梅,0,,
明,合,一,灰,平,幫,蟹,枚,0,,
明,合,一,灰,平,幫,蟹,煤,0,,
透,合,一,灰,上,端,蟹,腿,0,,
泥,合,一,灰,上,端,蟹,餒,0,,
來,合,一,灰,上,來,蟹,蕾,0,,
清,合,一,灰,上,精,蟹,璀,0,,
從,合,一,灰,上,精,蟹,罪,0,,
曉,合,一,灰,上,影,蟹,悔,0,,
曉,合,一,灰,上,影,蟹,賄,0,,
並,合,一,灰,上,幫,蟹,蓓,0,,
並,合,一,灰,上,幫,蟹,倍,0,,
明,合,一,灰,上,幫,蟹,每,0,,
滂,合,一,灰,上,幫,蟹,啡,0,,
端,合,一,灰,去,端,蟹,對,0,,
透,合,一,灰,去,端,蟹,退,0,,
定,合,一,灰,去,端,蟹,隊,0,,
泥,合,一,灰,去,端,蟹,內,0,,
清,合,一,灰,去,精,蟹,淬,0,,
心,合,一,灰,去,精,蟹,碎,0,,
溪,合,一,灰,去,見,蟹,塊,0,,
曉,合,一,灰,去,影,蟹,誨,0,,
曉,合,一,灰,去,影,蟹,晦,0,,
匣,合,一,灰,去,影,蟹,潰,0,,
幫,合,一,灰,去,幫,蟹,輩,0,,
並,合,一,灰,去,幫,蟹,背,1,,背書
幫,合,一,灰,去,幫,蟹,背,1,,背後
並,合,一,灰,去,幫,蟹,悖,0,,
並,合,一,灰,去,幫,蟹,珮,0,,
並,合,一,灰,去,幫,蟹,佩,0,,
明,合,一,灰,去,幫,蟹,妹,0,,
明,合,一,灰,去,幫,蟹,昧,0,,
滂,合,一,灰,去,幫,蟹,配,0,,
來,開,三,真A,平,來,臻,麟,0,,
來,合,三,真A,平,來,臻,掄,0,,
來,開,三,真A,平,來,臻,磷,0,,
來,開,三,真A,平,來,臻,鄰,0,,
來,合,三,真A,平,來,臻,輪,0,,
來,合,一,魂,去,來,臻,論,1,,討論
來,合,一,魂,平,來,臻,論,1,,論語
來,合,三,真A,平,來,臻,倫,0,,
來,合,三,真A,平,來,臻,綸,1,,垂綸
見,合,二,山,平,見,山,綸,1,,綸巾
來,開,三,真A,平,來,臻,鱗,0,,
來,合,三,真A,平,來,臻,淪,0,,
精,合,三,真A,平,精,臻,遵,0,,
精,開,三,真A,平,精,臻,津,0,,
清,合,三,真A,平,精,臻,竣,0,,
清,開,三,真A,平,精,臻,親,1,,親人
清,開,三,真A,去,精,臻,親,1,,親家
從,開,三,真A,平,精,臻,秦,0,,
心,開,三,真A,平,精,臻,薪,0,,
心,合,三,真A,平,精,臻,詢,0,,
心,開,三,真A,平,精,臻,新,0,,
心,開,三,真A,平,精,臻,辛,0,,
邪,合,三,真A,平,精,臻,巡,0,,
邪,合,三,真A,平,精,臻,馴,0,,
邪,合,三,真A,平,精,臻,旬,0,,
邪,合,三,真A,平,精,臻,循,0,,
章,合,三,真A,平,章,臻,肫,0,,
章,開,三,真A,平,章,臻,振,0,,
章,合,三,真A,平,章,臻,諄,0,,
章,開,三,真A,平,章,臻,真,0,,
章,開,三,真A,平,章,臻,甄,0,,
昌,開,三,真A,平,章,臻,瞋,0,,
昌,合,三,真A,平,章,臻,春,0,,
常,合,三,真A,平,章,臻,淳,0,,
常,合,三,真A,平,章,臻,醇,0,,
常,開,三,真A,平,章,臻,辰,0,,
常,開,三,真A,平,章,臻,臣,0,,
常,開,三,真A,平,章,臻,宸,0,,
常,合,三,真A,平,章,臻,純,0,,
常,合,三,真A,平,章,臻,鶉,1,,鶉衣
常,合,三,真A,平,章,臻,鶉,1,,鵪鶉，鵪鶉蛋
常,開,三,真A,平,章,臻,晨,0,,
書,開,三,真A,平,章,臻,身,0,,
書,開,三,真A,平,章,臻,申,0,,
書,開,三,真A,平,章,臻,伸,0,,
書,開,三,真A,平,章,臻,紳,0,,
書,開,三,真A,平,章,臻,呻,0,,
船,合,三,真A,平,章,臻,脣,0,,
船,開,三,真A,平,章,臻,神,0,,
日,開,三,真A,平,日,臻,人,0,,
日,開,三,真A,平,日,臻,仁,0,,
見,合,三,真A,平,見,臻,鈞,0,,
見,合,三,真A,平,見,臻,均,0,,
影,開,三,真A,平,影,臻,因,0,,
影,開,三,真A,平,影,臻,茵,0,,
影,開,三,真A,平,影,臻,姻,0,,
以,合,三,真A,平,以,臻,勻,0,,
幫,開,三,真A,平,幫,臻,濱,0,,
幫,開,三,真A,平,幫,臻,檳,0,,
幫,開,三,真A,平,幫,臻,賓,0,,
並,開,三,真A,平,幫,臻,蘋,0,,
並,開,三,真A,平,幫,臻,頻,0,,
明,開,三,真A,平,幫,臻,民,0,,
滂,開,三,真A,平,幫,臻,繽,0,,
從,開,三,真A,上,精,臻,盡,0,,
心,合,三,真A,上,精,臻,筍,0,,
章,開,三,真A,上,章,臻,疹,0,,
章,開,三,真A,上,章,臻,診,0,,
章,合,三,真A,上,章,臻,准,0,,
章,合,三,真A,上,章,臻,準,0,,
章,開,三,真A,上,章,臻,賑,0,,
昌,合,三,真A,上,章,臻,蠢,0,,
常,開,三,真A,上,章,臻,腎,0,,
船,合,三,真A,上,章,臻,盾,0,,
日,開,三,真A,上,日,臻,忍,0,,
見,開,三,真A,上,見,臻,緊,0,,
以,開,三,真A,上,以,臻,蚓,0,,
以,合,三,真A,上,以,臻,允,0,,
以,合,三,真A,上,以,臻,尹,0,,
以,開,三,真A,上,以,臻,引,0,,
並,開,三,真A,上,幫,臻,臏,0,,
來,開,三,真A,去,來,臻,藺,0,,
來,開,三,真A,去,來,臻,遴,0,,
來,開,三,真A,去,來,臻,吝,0,,
精,開,三,真A,去,精,臻,進,0,,
精,合,三,真A,去,精,臻,俊,0,,
精,開,三,真A,去,精,臻,晉,0,,
精,合,三,真A,去,精,臻,駿,0,,
心,開,三,真A,去,精,臻,訊,0,,
心,合,三,真A,去,精,臻,峻,0,,
心,開,三,真A,去,精,臻,迅,0,,
心,開,三,真A,去,精,臻,信,0,,
邪,合,三,真A,去,精,臻,殉,0,,
章,開,三,真A,去,章,臻,震,0,,
章,合,三,真A,去,章,臻,盹,0,,
常,開,三,真A,去,章,臻,慎,0,,
書,合,三,真A,去,章,臻,舜,0,,
書,合,三,真A,去,章,臻,瞬,0,,
船,合,三,真A,去,章,臻,順,0,,
日,開,三,真A,去,日,臻,仞,0,,
日,合,三,真A,去,日,臻,閏,0,,
日,開,三,真A,去,日,臻,刃,0,,
日,開,三,真A,去,日,臻,認,0,,
日,合,三,真A,去,日,臻,潤,0,,
日,開,三,真A,去,日,臻,韌,0,,
影,開,三,真A,去,影,臻,印,0,,
幫,開,三,真A,去,幫,臻,鬢,0,,
來,開,三,真A,入,來,臻,栗,0,,
來,合,三,真A,入,來,臻,律,0,,
來,開,三,真A,入,來,臻,慄,0,,
精,合,三,真A,入,精,臻,卒,1,,士卒
清,合,一,魂,入,精,臻,卒,1,,倉卒
精,開,三,真A,入,精,臻,唧,0,,
清,開,三,真A,入,精,臻,柒,0,,
清,開,三,真A,入,精,臻,七,0,,
清,開,三,真A,入,精,臻,漆,0,,
從,開,三,真A,入,精,臻,疾,0,,
心,開,三,真A,入,精,臻,窸,0,,
心,開,三,真A,入,精,臻,悉,0,,
心,開,三,真A,入,精,臻,膝,0,,
心,合,三,真A,入,精,臻,恤,0,,
心,開,三,真A,入,精,臻,蟋,0,,
心,合,三,真A,入,精,臻,戌,0,,
書,開,三,真A,入,章,臻,失,0,,
書,開,三,真A,入,章,臻,室,0,,
船,合,三,真A,入,章,臻,朮,0,,
船,開,三,真A,入,章,臻,實,0,,
船,合,三,真A,入,章,臻,述,0,,
船,合,三,真A,入,章,臻,術,0,,
日,開,三,真A,入,日,臻,日,0,,
見,合,三,真A,入,見,臻,橘,0,,
見,開,三,真A,入,見,臻,吉,0,,
見,開,三,真A,入,見,臻,拮,0,,
影,開,三,真A,入,影,臻,壹,0,,
影,開,三,真A,入,影,臻,一,0,,
以,開,三,真A,入,以,臻,逸,0,,
以,開,三,真A,入,以,臻,溢,0,,
以,開,三,真A,入,以,臻,佚,0,,
以,合,三,真A,入,以,臻,鷸,0,,
幫,開,三,真A,入,幫,臻,必,0,,
幫,開,三,真A,入,幫,臻,畢,0,,
明,開,三,真A,入,幫,臻,謐,0,,
明,開,三,真A,入,幫,臻,蜜,0,,
滂,開,三,真A,入,幫,臻,匹,0,,
娘,開,三,真B,平,知,臻,紉,0,,
知,開,三,真B,平,知,臻,填,0,,
定,合,一,魂,平,端,臻,屯,1,,
知,合,三,真B,平,知,臻,屯,1,,
知,開,三,真B,平,知,臻,珍,0,,
知,開,三,真B,平,知,臻,鎮,0,,
澄,開,三,真B,平,知,臻,塵,0,,
澄,開,三,真B,平,知,臻,陳,0,,
澄,開,三,真B,平,知,臻,趁,0,,
見,開,三,真B,平,見,臻,巾,0,,
疑,開,三,真B,平,見,臻,銀,0,,
疑,開,三,真B,平,見,臻,垠,0,,
幫,開,三,真B,平,幫,臻,份,0,,
幫,開,三,真B,平,幫,臻,彬,0,,
並,開,三,真B,平,幫,臻,貧,0,,
明,開,三,真B,平,幫,臻,岷,0,,
明,開,三,真B,平,幫,臻,閩,0,,
云,合,三,真B,上,影,臻,隕,0,,
明,開,三,真B,上,幫,臻,憫,0,,
明,開,三,真B,上,幫,臻,敏,0,,
群,合,三,真B,上,見,臻,窘,0,,
群,合,三,真B,上,見,臻,菌,0,,
澄,開,三,真B,去,知,臻,陣,0,,
初,開,三,真B,去,莊,臻,襯,0,,
群,開,三,真B,去,見,臻,瑾,0,,
群,開,三,真B,去,見,臻,僅,0,,
娘,開,三,真B,入,知,臻,暱,0,,
知,合,三,真B,入,知,臻,茁,0,,
知,開,三,真B,入,知,臻,窒,0,,
徹,合,三,真B,入,知,臻,怵,0,,
澄,開,三,真B,入,知,臻,秩,0,,
澄,開,三,真B,入,知,臻,姪,0,,
生,合,三,真B,入,莊,臻,蟀,0,,
影,開,三,真B,入,影,臻,乙,0,,
幫,開,三,真B,入,幫,臻,筆,0,,
明,開,三,真B,入,幫,臻,密,0,,
莊,開,三,臻,入,莊,臻,櫛,0,,
生,開,三,臻,入,莊,臻,瑟,0,,
生,開,三,臻,入,莊,臻,蝨,0,,
透,開,一,痕,平,端,臻,吞,0,,
見,開,一,痕,平,見,臻,跟,0,,
見,開,一,痕,平,見,臻,根,0,,
匣,開,一,痕,平,影,臻,痕,0,,
影,開,一,痕,平,影,臻,恩,0,,
溪,開,一,痕,上,見,臻,墾,0,,
溪,開,一,痕,上,見,臻,懇,0,,
匣,開,一,痕,上,影,臻,很,0,,
匣,開,一,痕,去,影,臻,恨,0,,
端,合,一,魂,平,端,臻,墩,0,,
透,合,一,魂,平,端,臻,燉,0,,
定,合,一,魂,平,端,臻,臀,0,,
定,合,一,魂,平,端,臻,豚,0,,
定,合,一,魂,平,端,臻,沌,0,,
精,合,一,魂,平,精,臻,尊,0,,
清,合,一,魂,平,精,臻,村,0,,
從,合,一,魂,平,精,臻,蹲,0,,
從,合,一,魂,平,精,臻,存,0,,
心,合,一,魂,平,精,臻,孫,1,,
,,,,,,,孫,1,,
心,合,一,魂,平,精,臻,飧,0,,
見,合,一,魂,平,見,臻,昆,0,,
溪,合,一,魂,平,見,臻,坤,0,,
曉,合,一,魂,平,影,臻,昏,0,,
曉,合,一,魂,平,影,臻,婚,0,,
匣,合,一,魂,平,影,臻,渾,1,,渾人，雄渾
匣,合,一,魂,上,影,臻,渾,1,,同「混」
影,合,一,魂,平,影,臻,溫,0,,
幫,合,一,魂,平,幫,臻,奔,0,,
並,合,一,魂,平,幫,臻,盆,0,,
明,合,一,魂,平,幫,臻,門,0,,
滂,合,一,魂,平,幫,臻,噴,0,,
定,合,一,魂,上,端,臻,遁,0,,
清,合,一,魂,上,精,臻,忖,0,,
從,合,一,魂,上,精,臻,鱒,0,,
心,合,一,魂,上,精,臻,損,0,,
溪,合,一,魂,上,見,臻,壼,0,,
匣,合,一,魂,上,影,臻,棍,0,,
匣,合,一,魂,上,影,臻,混,0,,
影,合,一,魂,上,影,臻,穩,0,,
幫,合,一,魂,上,幫,臻,本,0,,
幫,合,一,魂,上,幫,臻,笨,0,,
幫,合,一,魂,上,幫,臻,畚,0,,
端,合,一,魂,去,端,臻,頓,1,,安頓
,,,,,,,頓,1,,冒頓
定,合,一,魂,去,端,臻,鈍,0,,
泥,合,一,魂,去,端,臻,嫩,0,,
清,合,一,魂,去,精,臻,寸,0,,
心,合,一,魂,去,精,臻,遜,0,,
溪,合,一,魂,去,見,臻,困,0,,
明,合,一,魂,去,幫,臻,悶,0,,
端,合,一,魂,入,端,臻,咄,0,,
透,合,一,魂,入,端,臻,突,0,,
定,合,一,魂,入,端,臻,凸,0,,
心,合,一,魂,入,精,臻,屑,0,,
心,合,一,魂,入,精,臻,窣,0,,
見,合,一,魂,入,見,臻,骨,0,,
匣,合,二,山,入,影,山,滑,1,,光滑
見,合,一,魂,入,見,臻,滑,1,,滑稽
溪,合,一,魂,入,見,臻,窟,0,,
疑,合,一,魂,入,見,臻,兀,0,,
曉,合,一,魂,入,影,臻,惚,0,,
曉,合,一,魂,入,影,臻,忽,0,,
並,合,一,魂,入,幫,臻,脖,0,,
並,合,一,魂,入,幫,臻,渤,0,,
並,合,一,魂,入,幫,臻,勃,0,,
明,合,一,魂,入,幫,臻,沒,0,,
見,開,三,欣,平,見,臻,筋,0,,
見,開,三,欣,平,見,臻,斤,0,,
疑,開,三,欣,平,見,臻,齦,0,,
曉,開,三,欣,平,影,臻,欣,0,,
影,開,三,欣,平,影,臻,殷,1,,殷切
影,開,二,山,平,影,山,殷,1,,殷紅
群,開,三,欣,平,見,臻,芹,0,,
群,開,三,欣,平,見,臻,勤,0,,
見,開,三,欣,上,見,臻,槿,0,,
見,開,三,欣,上,見,臻,謹,0,,
影,開,三,欣,上,影,臻,隱,0,,
群,開,三,欣,上,見,臻,近,1,,白讀
群,開,三,欣,去,見,臻,近,1,,靠近
見,開,三,欣,入,見,臻,吃,1,,口吃
,,,,,,,吃,1,,吃食
,,,,,,,吃,1,,吃食
溪,開,三,欣,入,見,臻,乞,0,,
疑,開,三,欣,入,見,臻,屹,0,,
曉,開,三,欣,入,影,臻,迄,0,,
見,合,三,文,平,見,臻,軍,0,,
見,合,三,文,平,見,臻,君,0,,
曉,合,三,文,平,影,臻,薰,0,,
曉,合,三,文,平,影,臻,醺,0,,
曉,合,三,文,平,影,臻,燻,0,,
曉,合,三,文,平,影,臻,勛,0,,
影,合,三,文,平,影,臻,蘊,0,,
云,合,三,文,平,影,臻,云,0,,
云,合,三,文,平,影,臻,雲,0,,
云,合,三,文,平,影,臻,芸,0,,
云,合,三,文,平,影,臻,員,0,,
云,合,三,文,平,影,臻,耘,0,,
幫,合,三,文,平,幫,臻,分,1,,分開
並,合,三,文,去,幫,臻,分,1,,本分
幫,合,三,文,平,幫,臻,扮,0,,
並,合,三,文,平,幫,臻,焚,0,,
並,合,三,文,平,幫,臻,墳,0,,
並,合,三,文,平,幫,臻,頒,0,,
並,合,三,文,平,幫,臻,氛,0,,
明,合,三,文,平,幫,臻,聞,0,,
明,合,三,文,平,幫,臻,文,1,,文字
,,,,,,,文,1,,文過
明,合,三,文,平,幫,臻,蚊,0,,
明,合,三,文,平,幫,臻,紋,0,,
滂,合,三,文,平,幫,臻,芬,0,,
滂,合,三,文,平,幫,臻,紛,0,,
影,合,三,文,上,影,臻,醞,0,,
幫,合,三,文,上,幫,臻,粉,0,,
並,合,三,文,上,幫,臻,憤,0,,
明,合,三,文,上,幫,臻,刎,0,,
明,合,三,文,上,幫,臻,吻,0,,
滂,合,三,文,上,幫,臻,忿,0,,
曉,合,三,文,去,影,臻,訓,0,,
云,合,三,文,去,影,臻,運,0,,
云,合,三,文,去,影,臻,韻,0,,
云,合,三,文,去,影,臻,暈,1,,日暈
,,,,,,,暈,1,,頭暈
幫,合,三,文,去,幫,臻,糞,0,,
幫,合,三,文,去,幫,臻,奮,0,,
幫,合,三,文,去,幫,臻,拚,0,,
明,合,三,文,去,幫,臻,問,0,,
明,合,三,文,去,幫,臻,紊,0,,
群,合,三,文,去,見,臻,郡,0,,
見,合,三,文,入,見,臻,屈,0,,
影,合,三,文,入,影,臻,鬱,0,,
幫,合,三,文,入,幫,臻,弗,0,,
並,合,三,文,入,幫,臻,佛,1,,佛教
,,,,,,,佛,1,,仿佛
明,合,三,文,入,幫,臻,物,0,,
明,合,三,文,入,幫,臻,勿,0,,
滂,合,三,文,入,幫,臻,拂,0,,
滂,合,三,文,入,幫,臻,彿,0,,
群,合,三,文,入,見,臻,掘,0,,
群,合,三,文,入,見,臻,倔,0,,
群,合,三,文,入,見,臻,崛,0,,
端,合,一,寒,平,端,山,端,0,,
端,開,一,寒,平,端,山,單,1,,單純
常,開,三,仙A,平,章,山,單,1,,單于
常,開,三,仙A,去,章,山,單,1,,單姓
端,開,一,寒,平,端,山,殫,0,,
端,開,一,寒,平,端,山,丹,0,,
透,合,一,寒,平,端,山,湍,0,,
透,開,一,寒,平,端,山,嘆,0,,
透,開,一,寒,平,端,山,攤,0,,
透,開,一,寒,平,端,山,灘,0,,
定,合,一,寒,平,端,山,團,0,,
定,開,一,寒,平,端,山,壇,0,,
定,開,一,寒,平,端,山,檀,0,,
定,開,一,寒,平,端,山,彈,1,,彈劾
定,開,一,寒,去,端,山,彈,1,,彈丸
定,開,一,寒,平,端,山,但,0,,
泥,開,一,寒,平,端,山,難,1,,困難
泥,開,一,寒,去,端,山,難,1,,難民
來,開,一,寒,平,來,山,闌,0,,
來,合,一,寒,平,來,山,巒,0,,
來,開,一,寒,平,來,山,蘭,0,,
來,開,一,寒,平,來,山,瀾,0,,
來,開,一,寒,平,來,山,攔,0,,
來,開,一,寒,平,來,山,欄,0,,
精,合,一,寒,平,精,山,鑽,0,,
清,開,一,寒,平,精,山,餐,0,,
從,開,一,寒,平,精,山,殘,0,,
心,開,一,寒,平,精,山,跚,0,,
心,合,一,寒,平,精,山,酸,0,,
心,開,一,寒,平,精,山,珊,0,,
心,合,一,寒,平,精,山,痠,0,,
心,開,一,寒,平,精,山,姍,0,,
見,合,一,寒,平,見,山,棺,0,,
見,開,一,寒,平,見,山,奸,0,,
見,開,一,寒,平,見,山,肝,0,,
見,開,一,寒,平,見,山,竿,0,,
見,合,一,寒,平,見,山,觀,1,,參觀
見,合,一,寒,去,見,山,觀,1,,道觀
見,合,一,寒,平,見,山,冠,1,,衣冠
見,合,一,寒,去,見,山,冠,1,,冠軍
見,合,一,寒,平,見,山,官,0,,
見,合,一,寒,平,見,山,貫,0,,
見,合,一,寒,平,見,山,倌,0,,
見,開,一,寒,平,見,山,乾,1,,乾燥
群,開,三,仙B,平,見,山,乾,1,,乾坤
見,開,一,寒,平,見,山,干,0,,
溪,開,一,寒,平,見,山,刊,0,,
溪,合,一,寒,平,見,山,寬,0,,
溪,開,一,寒,平,見,山,看,1,,看守
溪,開,一,寒,去,見,山,看,1,,看待
曉,合,一,寒,平,影,山,歡,0,,
曉,開,一,寒,平,影,山,鼾,0,,
匣,開,一,寒,去,影,山,汗,1,,流汗
匣,開,一,寒,平,影,山,汗,1,,可汗
匣,合,一,寒,平,影,山,桓,0,,
匣,開,一,寒,平,影,山,翰,0,,
匣,合,一,寒,平,影,山,院,0,,
匣,開,一,寒,平,影,山,寒,0,,
匣,合,一,寒,平,影,山,完,0,,
匣,開,一,寒,平,影,山,韓,0,,
匣,合,一,寒,平,影,山,丸,0,,
影,開,一,寒,平,影,山,安,0,,
幫,開,一,寒,平,幫,山,般,1,,一般
,,,,,,,般,1,,般若
並,開,一,寒,平,幫,山,般,1,,般樂
並,開,一,寒,平,幫,山,蹣,0,,
並,開,一,寒,平,幫,山,盤,0,,
明,開,一,寒,平,幫,山,饅,0,,
明,合,三,元,去,幫,山,蔓,1,,藤蔓
明,開,一,寒,平,幫,山,蔓,1,,蔓菁
明,開,一,寒,平,幫,山,鰻,0,,
明,開,一,寒,平,幫,山,瞞,0,,
明,開,一,寒,平,幫,山,曼,0,,
滂,開,一,寒,平,幫,山,拌,0,,
滂,開,一,寒,平,幫,山,潘,0,,
端,合,一,寒,上,端,山,斷,1,,恩斷義絕
定,合,一,寒,上,端,山,斷,1,,白讀
端,合,一,寒,去,端,山,斷,1,,診斷
端,合,一,寒,上,端,山,短,0,,
透,開,一,寒,上,端,山,坦,0,,
透,合,一,寒,上,端,山,瘓,0,,
定,開,一,寒,上,端,山,誕,0,,
定,開,一,寒,上,端,山,袒,0,,
定,合,一,寒,上,端,山,緞,0,,
泥,合,一,寒,上,端,山,暖,0,,
來,開,一,寒,上,來,山,懶,0,,
來,合,一,寒,上,來,山,卵,0,,
心,開,一,寒,上,精,山,散,1,,散文
心,開,一,寒,去,精,山,散,1,,散步
心,合,一,寒,上,精,山,算,0,,
心,開,一,寒,上,精,山,傘,0,,
見,合,一,寒,上,見,山,管,0,,
見,開,一,寒,上,見,山,稈,0,,
溪,開,一,寒,上,見,山,侃,0,,
溪,合,一,寒,上,見,山,款,0,,
匣,合,一,寒,上,影,山,棵,0,,
匣,合,一,寒,上,影,山,浣,0,,
匣,開,一,寒,上,影,山,旱,0,,
匣,合,一,寒,上,影,山,緩,0,,
幫,開,一,寒,上,幫,山,粄,0,,
並,開,一,寒,上,幫,山,伴,0,,
明,開,一,寒,上,幫,山,滿,0,,
端,開,一,寒,去,端,山,旦,1,,元旦
端,開,一,寒,去,端,山,旦,1,,花旦
端,合,一,寒,去,端,山,鍛,0,,
透,開,一,寒,去,端,山,歎,0,,
透,開,一,寒,去,端,山,炭,0,,
定,開,一,寒,去,端,山,憚,0,,
定,合,一,寒,去,端,山,段,0,,
來,合,一,寒,去,來,山,亂,0,,
來,開,一,寒,去,來,山,爛,0,,
精,開,一,寒,去,精,山,讚,0,,
精,開,一,寒,去,精,山,贊,0,,
清,開,一,寒,去,精,山,璨,0,,
清,開,一,寒,去,精,山,燦,0,,
清,合,一,寒,去,精,山,竄,0,,
心,合,一,寒,去,精,山,蒜,0,,
見,合,一,寒,去,見,山,鸛,0,,
見,開,一,寒,去,見,山,杆,0,,
見,合,一,寒,去,見,山,罐,0,,
見,合,一,寒,去,見,山,館,0,,
見,合,一,寒,去,見,山,灌,0,,
見,開,一,寒,去,見,山,幹,0,,
疑,開,一,寒,去,見,山,岸,0,,
疑,合,一,寒,去,見,山,玩,1,,玩弄
,,,,,,,玩,1,,去玩
曉,合,一,寒,去,影,山,奐,0,,
曉,合,一,寒,去,影,山,喚,0,,
曉,開,一,寒,去,影,山,漢,0,,
曉,合,一,寒,去,影,山,煥,0,,
匣,合,一,寒,去,影,山,換,0,,
匣,開,一,寒,去,影,山,悍,0,,
匣,開,一,寒,去,影,山,瀚,0,,
影,開,一,寒,去,影,山,案,0,,
影,開,一,寒,去,影,山,按,0,,
影,合,一,寒,去,影,山,腕,0,,
影,合,一,寒,去,影,山,惋,0,,
影,開,一,寒,去,影,山,晏,0,,
幫,開,一,寒,去,幫,山,半,0,,
幫,開,一,寒,去,幫,山,絆,0,,
並,開,一,寒,去,幫,山,叛,0,,
並,開,一,寒,去,幫,山,畔,0,,
明,開,一,寒,去,幫,山,漫,0,,
明,開,一,寒,去,幫,山,幔,0,,
滂,開,一,寒,去,幫,山,判,0,,
滂,開,一,寒,去,幫,山,胖,1,,肥胖
滂,開,一,寒,去,幫,山,胖,1,,心廣體胖
透,開,一,寒,入,端,山,達,0,,
透,開,一,寒,入,端,山,獺,0,,
定,合,一,寒,入,端,山,奪,0,,
定,合,一,寒,入,端,山,脫,0,,
泥,開,一,寒,入,端,山,捺,0,,
精,合,一,寒,入,精,山,撮,0,,
心,開,一,寒,入,精,山,薩,0,,
見,合,一,寒,入,見,山,聒,0,,
見,開,一,寒,入,見,山,割,0,,
見,合,一,寒,入,見,山,活,0,,
見,合,一,寒,入,見,山,括,0,,
見,開,一,寒,入,見,山,葛,0,,
溪,合,一,寒,入,見,山,闊,0,,
溪,開,一,寒,入,見,山,渴,0,,
曉,合,一,寒,入,影,山,豁,0,,
匣,開,一,寒,入,影,山,褐,0,,
影,開,一,寒,入,影,山,遏,0,,
幫,開,一,寒,入,幫,山,撥,0,,
並,開,一,寒,入,幫,山,跋,0,,
明,開,一,寒,入,幫,山,末,0,,
明,開,一,寒,入,幫,山,抹,1,,塗抹
,,,,,,,抹,1,,抹檯
疑,合,三,元,平,見,山,源,0,,
疑,合,三,元,平,見,山,元,0,,
疑,合,三,元,平,見,山,阮,0,,
疑,合,三,元,平,見,山,原,0,,
疑,開,三,元,平,見,山,言,0,,
曉,開,三,元,平,影,山,掀,0,,
曉,開,三,元,平,影,山,軒,0,,
曉,合,三,元,平,影,山,喧,0,,
曉,合,三,元,平,影,山,暄,0,,
影,合,三,元,平,影,山,鴛,0,,
影,開,三,仙B,平,影,山,焉,1,,焉知非福
云,開,三,仙B,平,影,山,焉,1,,心不在焉
影,合,三,元,平,影,山,冤,0,,
影,合,三,元,平,影,山,怨,0,,
影,合,三,元,上,影,山,宛,1,,宛然
影,合,三,元,平,影,山,宛,1,,大宛
影,合,三,元,平,影,山,蜿,0,,
云,合,三,元,平,影,山,園,0,,
云,合,三,元,平,影,山,援,0,,
云,合,三,元,平,影,山,轅,0,,
云,合,三,元,平,影,山,猿,0,,
云,合,三,元,平,影,山,袁,0,,
云,合,三,元,平,影,山,垣,0,,
並,合,三,元,平,幫,山,藩,0,,
並,合,三,元,平,幫,山,樊,0,,
並,合,三,元,平,幫,山,繁,0,,
並,合,三,元,平,幫,山,蟠,0,,
並,合,三,元,平,幫,山,番,0,,
並,合,三,元,平,幫,山,蕃,1,,蕃盛
,,,,,,,蕃,1,,吐蕃
並,合,三,元,平,幫,山,煩,0,,
滂,合,三,元,平,幫,山,反,0,,
滂,合,三,元,平,幫,山,翻,0,,
影,開,三,元,上,影,山,堰,0,,
影,合,三,元,上,影,山,苑,0,,
影,開,三,元,上,影,山,鼴,0,,
影,合,三,元,上,影,山,婉,0,,
云,合,三,元,上,影,山,遠,1,,遠方
云,合,三,元,去,影,山,遠,1,,遠小人
幫,合,三,元,上,幫,山,阪,0,,
幫,合,三,元,上,幫,山,返,0,,
並,合,三,元,上,幫,山,飯,0,,
明,合,三,元,上,幫,山,挽,0,,
明,合,三,元,上,幫,山,輓,0,,
明,合,三,元,上,幫,山,晚,0,,
群,合,三,元,上,見,山,圈,1,,豬圈
,,,,,,,圈,1,,圓圈
見,開,三,元,去,見,山,建,0,,
溪,合,三,元,去,見,山,券,0,,
溪,合,三,元,去,見,山,勸,0,,
疑,合,三,元,去,見,山,願,0,,
曉,開,三,元,去,影,山,憲,0,,
幫,合,三,元,去,幫,山,販,0,,
明,合,三,元,去,幫,山,萬,0,,
群,開,三,元,去,見,山,健,0,,
見,合,三,元,入,見,山,撅,0,,
見,合,三,元,入,見,山,蕨,0,,
溪,合,三,元,入,見,山,闕,0,,
疑,合,三,元,入,見,山,月,0,,
曉,開,三,元,入,影,山,歇,0,,
云,合,三,元,入,影,山,粵,0,,
云,合,三,元,入,影,山,曰,0,,
云,合,三,元,入,影,山,越,0,,
幫,合,三,元,入,幫,山,髮,0,,
幫,合,三,元,入,幫,山,發,0,,
並,合,三,元,入,幫,山,罰,0,,
並,合,三,元,入,幫,山,拔,0,,
並,合,三,元,入,幫,山,筏,0,,
並,合,三,元,入,幫,山,伐,0,,
明,合,三,元,入,幫,山,襪,0,,
群,開,三,元,入,見,山,竭,0,,
生,開,二,刪,平,莊,山,訕,0,,
生,開,二,刪,平,莊,山,刪,0,,
見,合,二,刪,平,見,山,關,0,,
見,開,二,刪,平,見,山,姦,0,,
疑,合,二,刪,平,見,山,頑,0,,
疑,開,二,刪,平,見,山,顏,0,,
匣,合,二,刪,平,影,山,環,0,,
匣,合,二,刪,平,影,山,寰,0,,
匣,合,二,刪,平,影,山,鬟,0,,
匣,合,二,刪,平,影,山,還,0,,
影,合,二,刪,平,影,山,灣,0,,
影,合,二,刪,平,影,山,彎,0,,
幫,開,二,刪,平,幫,山,斑,0,,
幫,開,二,刪,平,幫,山,班,0,,
明,開,二,刪,平,幫,山,蠻,0,,
滂,開,二,刪,平,幫,山,攀,0,,
崇,合,二,刪,上,莊,山,撰,0,,
幫,開,二,刪,上,幫,山,板,0,,
幫,開,二,刪,上,幫,山,版,0,,
初,開,三,庚,入,莊,梗,柵,1,,木柵
,,,,,,,柵,1,,柵極
見,合,二,刪,去,見,山,慣,0,,
見,開,二,刪,去,見,山,澗,0,,
見,開,二,刪,去,見,山,諫,0,,
見,合,二,刪,去,見,山,串,0,,
疑,開,二,刪,去,見,山,雁,0,,
匣,合,二,刪,去,影,山,患,0,,
明,開,二,刪,去,幫,山,慢,0,,
生,合,二,刪,入,莊,山,刷,0,,
見,合,二,刪,入,見,山,刮,0,,
曉,開,二,刪,入,影,山,瞎,0,,
匣,合,二,刪,入,影,山,舌,0,,
明,開,二,刪,入,幫,山,帕,0,,
來,開,二,山,平,來,山,斕,0,,
崇,開,二,山,平,莊,山,潺,0,,
生,開,二,山,平,莊,山,山,0,,
見,開,二,山,平,見,山,閒,0,,
見,開,二,山,平,見,山,艱,0,,
匣,合,二,山,平,影,山,湲,0,,
莊,開,二,山,上,莊,山,盞,0,,
初,開,二,山,上,莊,山,鏟,0,,
崇,開,二,山,上,莊,山,棧,0,,
生,開,二,山,上,莊,山,產,0,,
見,開,二,山,上,見,山,揀,0,,
見,開,二,山,上,見,山,簡,0,,
疑,開,二,山,上,見,山,眼,0,,
匣,開,二,山,上,影,山,限,0,,
澄,開,二,山,去,知,山,綻,0,,
匣,合,二,山,去,影,山,幻,0,,
並,開,二,山,去,幫,山,瓣,0,,
並,開,二,山,去,幫,山,辦,0,,
滂,開,二,山,去,幫,山,盼,0,,
莊,開,二,山,入,莊,山,札,0,,
莊,開,二,山,入,莊,山,紮,0,,
莊,開,二,山,入,莊,山,扎,0,,
初,開,二,山,入,莊,山,察,0,,
生,開,二,山,入,莊,山,煞,0,,
見,開,二,山,入,見,山,嘎,0,,
見,開,二,山,入,見,山,楔,0,,
見,開,二,山,入,見,山,頡,0,,
匣,開,二,山,入,影,山,黠,0,,
匣,合,二,山,入,影,山,猾,0,,
影,開,二,山,入,影,山,揠,0,,
影,開,二,山,入,影,山,軋,0,,
幫,開,二,山,入,幫,山,捌,0,,
幫,開,二,山,入,幫,山,八,0,,
來,開,三,仙A,平,來,山,連,0,,
來,開,三,仙A,平,來,山,令,1,,令居，古地名
來,開,四,青,平,來,梗,令,1,,令狐
,,,,,,,令,1,,命令
,,,,,,,令,1,,一令紙
來,開,三,仙A,平,來,山,漣,0,,
精,開,三,仙A,平,精,山,煎,0,,
清,開,三,仙A,平,精,山,遷,0,,
清,合,三,仙A,平,精,山,詮,0,,
生,合,二,山,平,莊,山,拴,1,,
清,合,三,仙A,平,精,山,拴,1,,
清,合,三,仙A,平,精,山,銓,0,,
清,合,三,仙A,平,精,山,痊,0,,
從,合,三,仙A,平,精,山,全,0,,
從,開,三,仙A,平,精,山,錢,0,,
從,合,三,仙A,平,精,山,泉,0,,
心,開,三,仙A,平,精,山,鮮,1,,鮮美
心,開,三,仙A,上,精,山,鮮,1,,鮮有
心,開,三,仙A,平,精,山,仙,0,,
心,合,三,仙A,平,精,山,宣,0,,
邪,合,三,仙A,平,精,山,旋,0,,
章,合,三,仙A,平,章,山,專,0,,
章,開,三,仙A,平,章,山,氈,0,,
昌,合,三,仙A,平,章,山,川,0,,
昌,合,三,仙A,平,章,山,穿,0,,
常,開,三,仙A,平,章,山,蟬,0,,
常,開,三,仙A,平,章,山,禪,1,,禪師
常,開,三,仙A,去,章,山,禪,1,,禪讓
書,開,三,仙A,平,章,山,扇,0,,
書,開,三,仙A,平,章,山,煽,0,,
船,合,三,仙A,平,章,山,船,0,,
日,開,三,仙A,平,日,山,燃,0,,
日,開,三,仙A,平,日,山,然,0,,
曉,合,三,仙A,平,影,山,嬛,1,,便嬛
群,合,三,清A,平,見,梗,嬛,1,,美好
,,,,,,,嬛,1,,嫏嬛
影,合,三,仙A,平,影,山,娟,0,,
以,開,三,仙A,平,以,山,筵,0,,
以,合,三,仙A,平,以,山,鳶,0,,
以,開,三,仙A,平,以,山,蜒,0,,
以,合,三,仙A,平,以,山,捐,0,,
以,合,三,仙A,平,以,山,鉛,0,,
以,合,三,仙A,平,以,山,緣,0,,
以,合,三,仙A,平,以,山,沿,0,,
以,開,三,仙A,平,以,山,延,0,,
幫,開,三,仙A,平,幫,山,鞭,0,,
並,開,三,仙A,去,幫,山,便,1,,便利
並,開,三,仙A,平,幫,山,便,1,,大腹便便
並,開,三,仙A,平,幫,山,平,0,,
明,開,三,仙A,平,幫,山,棉,0,,
明,開,三,仙A,平,幫,山,綿,0,,
滂,開,三,仙A,平,幫,山,翩,0,,
滂,開,三,仙A,平,幫,山,篇,0,,
滂,開,三,仙A,平,幫,山,偏,0,,
幫,開,四,先,上,幫,山,扁,1,,扁平
滂,開,三,仙A,平,幫,山,扁,1,,一葉扁舟
精,開,三,仙A,上,精,山,剪,0,,
精,開,三,仙A,上,精,山,翦,0,,
從,開,三,仙A,上,精,山,踐,0,,
,,,,,,,雋,1,,
從,合,三,仙A,上,精,山,雋,1,,
從,開,三,仙A,上,精,山,餞,0,,
心,合,三,仙A,上,精,山,選,0,,
心,開,三,仙A,上,精,山,蘚,0,,
昌,開,三,仙A,上,章,山,闡,0,,
昌,合,三,仙A,上,章,山,舛,0,,
昌,合,三,仙A,上,章,山,喘,0,,
常,開,三,仙A,上,章,山,善,0,,
日,合,三,仙A,上,日,山,軟,0,,
溪,開,三,仙A,上,見,山,遣,0,,
以,開,三,仙A,上,以,山,衍,0,,
以,開,三,仙A,上,以,山,演,0,,
明,開,三,仙A,上,幫,山,緬,0,,
來,合,三,仙A,去,來,山,戀,0,,
精,開,三,仙A,去,精,山,箭,0,,
從,開,三,仙A,去,精,山,賤,0,,
心,合,三,仙A,去,精,山,渲,0,,
心,開,三,仙A,去,精,山,線,0,,
章,開,三,仙A,去,章,山,顫,0,,
章,開,三,仙A,去,章,山,戰,0,,
常,開,三,仙A,去,章,山,擅,0,,
常,開,三,仙A,去,章,山,繕,0,,
見,合,三,仙A,去,見,山,絹,0,,
溪,開,三,仙A,去,見,山,譴,0,,
明,開,三,仙A,去,幫,山,面,0,,
來,合,三,仙A,入,來,山,劣,0,,
來,開,三,仙A,入,來,山,冽,0,,
來,開,三,仙A,入,來,山,烈,0,,
來,開,三,仙A,入,來,山,裂,0,,
從,合,三,仙A,入,精,山,絕,0,,
心,合,三,仙A,入,精,山,雪,0,,
心,開,三,仙A,入,精,山,薛,0,,
章,開,三,仙A,入,章,山,浙,0,,
章,合,三,仙A,入,章,山,拙,0,,
書,開,三,仙A,入,章,山,設,0,,
日,開,三,仙A,入,日,山,熱,0,,
以,合,三,仙A,入,以,山,悅,0,,
以,合,三,仙A,入,以,山,閱,0,,
明,開,三,仙A,入,幫,山,滅,0,,
徹,開,三,仙B,平,知,山,鏈,0,,
澄,合,三,仙B,平,知,山,傳,1,,傳播
澄,合,三,仙B,去,知,山,傳,1,,自傳
澄,開,三,仙B,平,知,山,纏,0,,
生,合,三,仙B,平,莊,山,栓,0,,
溪,開,三,仙B,平,見,山,騫,0,,
曉,開,三,仙B,平,影,山,嫣,0,,
云,合,三,仙B,平,影,山,圓,0,,
群,合,三,仙B,平,見,山,捲,0,,
群,開,三,仙B,平,見,山,虔,0,,
群,合,三,仙B,平,見,山,蜷,0,,
群,開,三,仙B,平,見,山,鍵,0,,
群,合,三,仙B,平,見,山,權,0,,
見,合,三,仙B,上,見,山,卷,1,,試卷
群,合,三,仙B,平,見,山,卷,1,,卷曲
群,合,三,仙B,平,見,山,拳,0,,
知,開,三,仙B,上,知,山,展,0,,
知,開,三,仙B,上,知,山,輾,1,,輾轉
,,,,,,,輾,1,,輾穀
知,合,三,仙B,上,知,山,轉,1,,轉變
知,合,三,仙B,去,知,山,轉,1,,自轉
並,開,三,仙B,上,幫,山,辨,0,,
並,開,三,仙B,上,幫,山,辯,0,,
明,開,三,仙B,上,幫,山,冕,0,,
明,開,三,仙B,上,幫,山,免,0,,
明,開,三,仙B,上,幫,山,勉,0,,
群,開,三,仙B,上,見,山,件,0,,
娘,開,三,仙B,去,知,山,碾,0,,
見,合,三,仙B,去,見,山,眷,0,,
疑,開,三,仙B,去,見,山,這,0,,
疑,開,三,仙B,去,見,山,諺,0,,
疑,開,三,仙B,去,見,山,彥,0,,
幫,開,三,仙B,去,幫,山,變,0,,
並,開,三,仙B,去,幫,山,汴,0,,
群,合,三,仙B,去,見,山,倦,0,,
娘,合,三,仙B,入,知,山,吶,0,,
知,開,三,仙B,入,知,山,哲,0,,
澄,開,三,仙B,入,知,山,轍,0,,
澄,開,三,仙B,入,知,山,撤,0,,
澄,開,三,仙B,入,知,山,徹,0,,
澄,開,三,仙B,入,知,山,澈,0,,
並,開,三,仙B,入,幫,山,別,0,,
群,開,三,仙B,入,見,山,杰,0,,
群,開,三,仙B,入,見,山,傑,0,,
端,開,四,先,平,端,山,癲,0,,
端,開,四,先,平,端,山,巔,0,,
端,開,四,先,平,端,山,顛,0,,
透,開,四,先,平,端,山,天,0,,
定,開,四,先,平,端,山,闐,0,,
定,開,四,先,平,端,山,田,0,,
定,開,四,先,平,端,山,佃,1,,佃作
定,開,四,先,去,端,山,佃,1,,佃農
泥,開,四,先,平,端,山,年,0,,
來,開,四,先,平,來,山,零,0,,
來,開,四,先,平,來,山,蓮,0,,
來,開,四,先,平,來,山,憐,0,,
精,開,四,先,平,精,山,淺,0,,
精,開,四,先,平,精,山,箋,0,,
精,開,四,先,平,精,山,濺,1,,濺濺
精,開,三,仙A,去,精,山,濺,1,,飛濺
清,開,四,先,平,精,山,仟,0,,
清,開,四,先,平,精,山,阡,0,,
清,開,四,先,平,精,山,千,0,,
從,開,四,先,平,精,山,前,0,,
心,開,四,先,平,精,山,先,0,,
見,開,四,先,平,見,山,肩,0,,
見,開,四,先,平,見,山,堅,0,,
見,合,四,先,平,見,山,涓,0,,
見,合,四,先,平,見,山,鵑,0,,
溪,開,四,先,平,見,山,縴,0,,
溪,開,四,先,平,見,山,牽,0,,
疑,開,四,先,平,見,山,妍,0,,
疑,開,四,先,平,見,山,研,0,,
匣,合,四,先,平,影,山,眩,0,,
匣,合,四,先,平,影,山,縣,0,,
匣,開,四,先,平,影,山,絃,0,,
匣,合,四,先,平,影,山,懸,0,,
匣,開,四,先,平,影,山,賢,0,,
匣,開,四,先,平,影,山,弦,0,,
匣,合,四,先,平,影,山,玄,0,,
影,開,四,先,去,影,山,燕,1,,燕子
影,開,四,先,平,影,山,燕,1,,燕國
影,合,四,先,平,影,山,淵,0,,
影,開,四,先,平,影,山,咽,1,,咽喉
影,開,四,先,去,影,山,咽,1,,狼吞虎咽
影,開,四,先,入,影,山,咽,1,,哽咽
影,開,四,先,平,影,山,煙,0,,
幫,開,四,先,平,幫,山,邊,0,,
幫,開,四,先,平,幫,山,蝙,0,,
幫,開,四,先,平,幫,山,編,0,,
並,開,四,先,平,幫,山,胼,0,,
明,開,四,先,平,幫,山,眠,0,,
端,開,四,先,上,端,山,典,0,,
透,開,四,先,上,端,山,腆,0,,
透,開,四,先,上,端,山,靦,1,,靦顏事仇
,,,,,,,靦,1,,靦腆
見,開,四,先,上,見,山,繭,0,,
溪,合,四,先,上,見,山,犬,0,,
曉,開,四,先,上,影,山,顯,0,,
影,開,四,先,上,影,山,宴,0,,
幫,開,四,先,上,幫,山,匾,0,,
並,開,四,先,上,幫,山,辮,0,,
端,開,四,先,去,端,山,唸,1,,呻吟
泥,開,四,添,去,端,咸,唸,1,,吟誦
定,開,四,先,去,端,山,奠,0,,
定,開,四,先,去,端,山,電,0,,
定,開,四,先,去,端,山,殿,0,,
定,開,四,先,去,端,山,甸,0,,
定,開,四,先,去,端,山,澱,0,,
來,開,四,先,去,來,山,練,0,,
來,開,四,先,去,來,山,鍊,0,,
精,開,四,先,去,精,山,薦,0,,
清,開,四,先,去,精,山,倩,0,,
從,開,四,先,去,精,山,荐,0,,
見,開,四,先,去,見,山,見,1,,看見
匣,開,四,先,去,影,山,見,1,,發見
疑,開,四,先,去,見,山,硯,0,,
曉,合,四,先,去,影,山,絢,0,,
匣,合,四,先,去,影,山,炫,0,,
匣,開,四,先,去,影,山,現,0,,
影,開,四,先,去,影,山,嚥,0,,
幫,開,四,先,去,幫,山,遍,0,,
明,開,四,先,去,幫,山,麵,0,,
滂,開,四,先,去,幫,山,片,0,,
透,開,四,先,入,端,山,鐵,0,,
定,開,四,先,入,端,山,跌,0,,
定,開,四,先,入,端,山,迭,0,,
泥,開,四,先,入,端,山,捏,0,,
精,開,四,先,入,精,山,節,0,,
精,開,四,先,入,精,山,癤,0,,
清,開,四,先,入,精,山,竊,0,,
清,開,四,先,入,精,山,沏,0,,
從,開,四,先,入,精,山,截,0,,
見,合,四,先,入,見,山,訣,0,,
見,開,四,先,入,見,山,桔,1,,桔梗
,,,,,,,桔,1,,桔柣
見,開,四,先,入,見,山,結,0,,
見,開,四,先,入,見,山,鍥,0,,
見,合,四,先,入,見,山,抉,0,,
見,開,四,先,入,見,山,潔,0,,
溪,合,四,先,入,見,山,缺,0,,
曉,合,四,先,入,影,山,決,0,,
曉,合,四,先,入,影,山,血,0,,
匣,開,四,先,入,影,山,頁,0,,
匣,合,四,先,入,影,山,穴,0,,
影,開,四,先,入,影,山,噎,0,,
並,開,四,先,入,幫,山,癟,0,,
明,開,四,先,入,幫,山,篾,0,,
明,開,四,先,入,幫,山,蔑,0,,
滂,開,四,先,入,幫,山,瞥,0,,
端,開,一,豪,平,端,效,刀,0,,
透,開,一,豪,平,端,效,滔,0,,
透,開,一,豪,平,端,效,絛,0,,
透,開,一,豪,平,端,效,叨,1,,叨擾
,,,,,,,叨,1,,嘮叨
透,開,一,豪,平,端,效,綢,0,,
定,開,一,豪,平,端,效,掏,0,,
定,開,一,豪,平,端,效,逃,0,,
定,開,一,豪,平,端,效,桃,0,,
定,開,一,豪,平,端,效,啕,0,,
定,開,一,豪,平,端,效,濤,0,,
定,開,一,豪,平,端,效,萄,0,,
來,開,一,豪,平,來,效,撈,0,,
來,開,一,豪,平,來,效,牢,0,,
來,開,一,豪,平,來,效,勞,1,,勤勞
來,開,一,豪,去,來,效,勞,1,,慰勞
精,開,一,豪,平,精,效,糟,0,,
精,開,一,豪,平,精,效,槽,0,,
精,開,一,豪,平,精,效,遭,0,,
清,開,一,豪,平,精,效,操,1,,早操
清,開,一,豪,去,精,效,操,1,,操行
從,開,一,豪,平,精,效,嘈,0,,
從,開,一,豪,平,精,效,曹,0,,
心,開,一,豪,平,精,效,搔,0,,
心,開,一,豪,平,精,效,騷,0,,
見,開,一,豪,平,見,效,膏,0,,
見,開,一,豪,平,見,效,高,0,,
見,開,一,豪,平,見,效,羔,0,,
見,開,一,豪,平,見,效,篙,0,,
見,開,一,豪,平,見,效,咎,0,,
疑,開,一,豪,平,見,效,熬,0,,
疑,開,一,豪,平,見,效,翱,0,,
疑,開,一,豪,平,見,效,遨,0,,
疑,開,一,豪,平,見,效,敖,0,,
疑,開,一,豪,平,見,效,螯,0,,
曉,開,一,豪,平,影,效,撓,0,,
曉,開,一,豪,平,影,效,蒿,0,,
匣,開,一,豪,平,影,效,號,1,,哀號
匣,開,一,豪,去,影,效,號,1,,號碼
匣,開,一,豪,平,影,效,豪,0,,
匣,開,一,豪,平,影,效,毫,0,,
幫,開,一,豪,平,幫,效,褒,0,,
並,開,一,豪,平,幫,效,袍,0,,
明,開,一,豪,平,幫,效,毛,0,,
明,開,一,豪,平,幫,效,髦,0,,
端,開,一,豪,上,端,效,擣,0,,
端,開,一,豪,上,端,效,島,0,,
端,開,一,豪,上,端,效,倒,1,,
端,開,一,豪,去,端,效,倒,1,,
端,開,一,豪,上,端,效,禱,0,,
透,開,一,豪,上,端,效,套,0,,
透,開,一,豪,上,端,效,討,0,,
定,開,一,豪,上,端,效,道,0,,
定,開,一,豪,上,端,效,稻,0,,
泥,開,一,豪,上,端,效,腦,0,,
泥,開,一,豪,上,端,效,惱,0,,
來,開,一,豪,上,來,效,潦,1,,流潦
,,,,,,,潦,1,,潦倒
來,開,一,豪,上,來,效,老,0,,
精,開,一,豪,上,精,效,棗,0,,
精,開,一,豪,上,精,效,藻,0,,
精,開,一,豪,上,精,效,蚤,0,,
精,開,一,豪,上,精,效,早,0,,
精,開,一,豪,上,精,效,澡,0,,
清,開,一,豪,上,精,效,草,0,,
從,開,一,豪,上,精,效,造,1,,製造
從,開,一,豪,上,精,效,造,1,,新造
清,開,一,豪,去,精,效,造,1,,造訪
心,開,一,豪,上,精,效,掃,0,,
心,開,一,豪,上,精,效,燥,0,,
心,開,一,豪,上,精,效,嫂,0,,
溪,開,一,豪,上,見,效,考,0,,
曉,開,一,豪,上,影,效,好,1,,友好
曉,開,一,豪,去,影,效,好,1,,好客
匣,開,一,豪,上,影,效,浩,0,,
影,開,一,豪,上,影,效,襖,0,,
影,開,一,豪,上,影,效,燠,0,,
影,開,一,豪,上,影,效,懊,0,,
幫,開,一,豪,上,幫,效,寶,0,,
幫,開,一,豪,上,幫,效,堡,0,,
幫,開,一,豪,上,幫,效,保,0,,
幫,開,一,豪,上,幫,效,葆,0,,
幫,開,一,豪,上,幫,效,褓,0,,
並,開,一,豪,上,幫,效,抱,0,,
端,開,一,豪,去,端,效,到,0,,
定,開,一,豪,去,端,效,悼,0,,
定,開,一,豪,去,端,效,蹈,0,,
定,開,一,豪,去,端,效,導,0,,
定,開,一,豪,去,端,效,盜,0,,
精,開,一,豪,去,精,效,躁,0,,
清,開,一,豪,去,精,效,糙,0,,
心,開,一,豪,去,精,效,噪,0,,
見,開,一,豪,去,見,效,告,1,,報告
見,合,一,冬,入,見,通,告,1,,忠告
溪,開,一,豪,去,見,效,靠,0,,
疑,開,一,豪,去,見,效,傲,0,,
影,開,一,豪,去,影,效,奧,0,,
影,開,一,豪,去,影,效,澳,0,,
幫,開,一,豪,去,幫,效,報,0,,
並,開,一,豪,去,幫,效,暴,1,,凶暴
並,開,一,東,入,幫,通,暴,1,,一暴十寒
並,開,一,豪,去,幫,效,曝,0,,
並,開,一,東,入,幫,通,瀑,0,,
明,開,一,豪,去,幫,效,帽,0,,
明,開,一,豪,去,幫,效,冒,1,,冒犯
明,開,一,登,入,幫,曾,冒,1,,冒頓
知,開,二,肴,平,知,效,嘲,0,,
知,開,二,肴,平,知,效,啁,0,,
徹,開,二,肴,平,知,效,嘮,0,,
莊,開,二,肴,平,莊,效,抓,0,,
初,開,二,肴,平,莊,效,鈔,0,,
初,開,二,肴,平,莊,效,抄,0,,
崇,開,二,肴,平,莊,效,巢,0,,
生,開,二,肴,平,莊,效,梢,0,,
見,開,二,肴,平,見,效,交,0,,
見,開,二,肴,平,見,效,蛟,0,,
見,開,二,肴,平,見,效,教,1,,讓
見,開,二,肴,去,見,效,教,1,,教室
見,開,二,肴,平,見,效,咬,0,,
見,開,二,肴,平,見,效,郊,0,,
見,開,二,肴,平,見,效,膠,0,,
溪,開,二,肴,平,見,效,跤,0,,
溪,開,二,肴,平,見,效,敲,0,,
曉,開,二,肴,平,影,效,哮,0,,
匣,開,二,肴,平,影,效,餚,0,,
匣,開,二,肴,平,影,效,淆,0,,
匣,開,二,肴,平,影,效,肴,0,,
幫,開,二,肴,平,幫,效,胞,0,,
幫,開,二,肴,平,幫,效,苞,0,,
幫,開,二,肴,平,幫,效,包,0,,
並,開,二,肴,平,幫,效,跑,0,,
滂,開,二,肴,去,幫,效,炮,1,,炮彈
並,開,二,肴,平,幫,效,炮,1,,炮製
,,,,,,,炮,1,,炮雞丁
並,開,二,肴,平,幫,效,咆,0,,
明,開,二,肴,平,幫,效,茅,0,,
滂,開,二,肴,平,幫,效,泡,1,,浸泡
,,,,,,,泡,1,,燈泡
,,,,,,,泡,1,,白讀
滂,開,二,肴,平,幫,效,拋,0,,
莊,開,二,肴,上,莊,效,爪,0,,
初,開,二,肴,上,莊,效,炒,0,,
見,開,二,肴,上,見,效,攪,0,,
見,開,二,肴,上,見,效,絞,0,,
見,開,二,肴,上,見,效,狡,0,,
溪,開,二,肴,上,見,效,巧,0,,
幫,開,二,肴,上,幫,效,飽,0,,
並,開,二,肴,上,幫,效,鮑,1,,鮑魚
並,開,二,肴,上,幫,效,鮑,1,,鮑魚之肆
明,開,二,肴,上,幫,效,卯,0,,
娘,開,二,肴,去,知,效,鬧,0,,
知,開,二,肴,去,知,效,罩,0,,
澄,開,二,肴,去,知,效,濯,0,,
初,開,二,肴,去,莊,效,縐,0,,
生,開,二,肴,去,莊,效,稍,0,,
見,開,二,肴,去,見,效,覺,1,,睡覺
見,開,二,江,入,見,江,覺,1,,直覺
見,開,二,肴,去,見,效,較,0,,
見,開,二,肴,去,見,效,酵,0,,
見,開,二,肴,去,見,效,窖,0,,
來,開,一,唐,入,來,宕,樂,1,,快樂
疑,開,二,江,入,見,江,樂,1,,音樂
疑,開,二,肴,去,見,效,樂,1,,仁者樂山
曉,開,二,肴,去,影,效,孝,0,,
匣,開,二,肴,去,影,效,校,1,,學校
見,開,二,肴,去,見,效,校,1,,校對
匣,開,二,肴,去,影,效,效,0,,
幫,開,二,肴,去,幫,效,豹,0,,
幫,開,二,肴,去,幫,效,爆,0,,
明,開,二,肴,去,幫,效,貌,0,,
滂,開,二,肴,去,幫,效,皰,0,,
來,開,三,宵A,平,來,效,燎,0,,
精,開,三,宵A,平,精,效,蕉,0,,
精,開,三,宵A,平,精,效,焦,0,,
精,開,三,宵A,平,精,效,椒,0,,
從,開,三,宵A,平,精,效,憔,0,,
從,開,三,宵A,平,精,效,樵,0,,
心,開,三,宵A,平,精,效,消,0,,
心,開,三,宵A,平,精,效,宵,0,,
心,開,三,宵A,平,精,效,逍,0,,
心,開,三,宵A,平,精,效,哨,0,,
心,開,三,宵A,平,精,效,霄,0,,
心,開,三,宵A,平,精,效,銷,0,,
心,開,三,宵A,平,精,效,硝,0,,
章,開,三,宵A,平,章,效,昭,0,,
章,開,三,宵A,平,章,效,招,0,,
常,開,三,宵A,平,章,效,韶,0,,
書,開,三,宵A,平,章,效,燒,0,,
日,開,三,宵A,平,日,效,饒,0,,
日,開,三,宵A,平,日,效,蟯,0,,
溪,開,三,宵A,平,見,效,蹺,0,,
影,開,三,宵A,平,影,效,要,1,,要求
影,開,三,宵A,去,影,效,要,1,,要點
影,開,三,宵A,平,影,效,腰,0,,
以,開,三,宵A,平,以,效,遙,0,,
以,開,三,宵A,平,以,效,瑤,0,,
以,開,三,宵A,平,以,效,搖,0,,
以,開,三,宵A,平,以,效,陶,1,,皋陶
定,開,一,豪,平,端,效,陶,1,,陶瓷
以,開,三,宵A,平,以,效,謠,0,,
以,開,三,宵A,平,以,效,窯,0,,
以,開,三,宵A,平,以,效,姚,0,,
幫,開,三,宵A,平,幫,效,飆,0,,
幫,開,三,宵A,平,幫,效,標,0,,
並,開,三,宵A,平,幫,效,瓢,0,,
並,開,三,宵A,平,幫,效,飄,0,,
滂,開,三,宵A,平,幫,效,漂,1,,漂泊
滂,開,三,宵A,去,幫,效,漂,1,,漂亮
滂,開,三,宵A,平,幫,效,瞟,0,,
群,開,三,宵A,平,見,效,翹,1,,翹首
群,開,三,宵A,去,見,效,翹,1,,翹起
清,開,三,宵A,上,精,效,悄,0,,
心,開,三,宵A,上,精,效,小,0,,
章,開,三,宵A,上,章,效,沼,0,,
常,開,三,宵A,上,章,效,紹,0,,
書,開,三,宵A,上,章,效,少,1,,多少
書,開,三,宵A,去,章,效,少,1,,年少
日,開,三,宵A,上,日,效,擾,0,,
日,開,三,宵A,上,日,效,繞,0,,
明,開,三,宵A,上,幫,效,眇,0,,
明,開,三,宵A,上,幫,效,渺,0,,
明,開,三,宵A,上,幫,效,吵,0,,
明,開,三,宵A,上,幫,效,秒,0,,
來,開,三,宵A,去,來,效,療,0,,
清,開,三,宵A,去,精,效,峭,0,,
清,開,三,宵A,去,精,效,俏,0,,
心,開,三,宵A,去,精,效,肖,0,,
心,開,三,宵A,去,精,效,笑,0,,
章,開,三,宵A,去,章,效,照,0,,
常,開,三,宵A,去,章,效,劭,0,,
常,開,三,宵A,去,章,效,邵,0,,
影,開,三,宵A,去,影,效,約,0,,
以,開,三,宵A,去,以,效,曜,0,,
以,開,三,宵A,去,以,效,耀,0,,
明,開,三,宵A,去,幫,效,妙,0,,
知,開,三,宵B,平,知,效,朝,1,,朝夕
澄,開,三,宵B,平,知,效,朝,1,,朝廷
徹,開,三,宵B,平,知,效,超,0,,
澄,開,三,宵B,平,知,效,潮,0,,
澄,開,三,宵B,平,知,效,晁,0,,
見,開,三,宵B,平,見,效,驕,0,,
見,開,三,宵B,平,見,效,喬,0,,
見,開,三,宵B,平,見,效,嬌,0,,
曉,開,三,宵B,平,影,效,囂,0,,
影,開,三,宵B,平,影,效,妖,0,,
影,開,三,宵B,平,影,效,夭,0,,
幫,開,三,宵B,平,幫,效,鑣,0,,
明,開,三,宵B,平,幫,效,描,0,,
明,開,三,宵B,平,幫,效,苗,0,,
明,開,三,宵B,平,幫,效,貓,0,,
群,開,三,宵B,平,見,效,橋,0,,
群,開,三,宵B,平,見,效,轎,0,,
群,開,三,宵B,平,見,效,僑,0,,
澄,開,三,宵B,上,知,效,趙,0,,
澄,開,三,宵B,上,知,效,兆,0,,
見,開,三,宵B,上,見,效,矯,0,,
幫,開,三,宵B,上,幫,效,表,0,,
澄,開,三,宵B,去,知,效,召,1,,召喚
常,開,三,宵A,去,章,效,召,1,,召南
明,開,三,宵B,去,幫,效,廟,0,,
端,開,四,蕭,平,端,效,刁,0,,
端,開,四,蕭,平,端,效,雕,0,,
端,開,四,蕭,平,端,效,凋,0,,
端,開,四,蕭,平,端,效,貂,0,,
端,開,四,蕭,平,端,效,鵰,0,,
透,開,四,蕭,平,端,效,挑,1,,挑水
透,開,一,豪,平,端,效,挑,1,,挑達
定,開,四,蕭,平,端,效,跳,0,,
定,開,四,蕭,平,端,效,調,1,,調味
定,開,四,蕭,去,端,效,調,1,,調動
定,開,四,蕭,平,端,效,迢,0,,
定,開,四,蕭,平,端,效,條,0,,
來,開,四,蕭,平,來,效,聊,0,,
來,開,四,蕭,平,來,效,撩,0,,
來,開,四,蕭,平,來,效,嘹,0,,
來,開,四,蕭,平,來,效,瞭,1,,瞭望
來,開,四,蕭,上,來,效,瞭,1,,明瞭
來,開,四,蕭,平,來,效,遼,0,,
來,開,四,蕭,平,來,效,料,0,,
來,開,四,蕭,平,來,效,繚,0,,
來,開,四,蕭,平,來,效,寥,0,,
來,開,四,蕭,平,來,效,僚,0,,
來,開,四,蕭,平,來,效,廖,0,,
來,開,四,蕭,平,來,效,寮,0,,
心,開,四,蕭,平,精,效,蕭,0,,
心,開,四,蕭,平,精,效,艘,0,,
心,開,四,蕭,平,精,效,簫,0,,
見,開,四,蕭,平,見,效,驍,0,,
見,開,四,蕭,平,見,效,澆,0,,
見,開,四,蕭,平,見,效,邀,0,,
疑,開,四,蕭,平,見,效,堯,0,,
疑,開,四,蕭,平,見,效,僥,1,,僬僥，短人，西南夷別名
見,開,三,蕭,上,見,效,僥,1,,僥倖
端,開,四,蕭,上,端,效,鳥,0,,
定,開,四,蕭,上,端,效,掉,0,,
定,開,四,蕭,上,端,效,窕,0,,
來,開,四,蕭,上,來,效,了,0,,
見,開,四,蕭,上,見,效,繳,0,,
見,開,四,蕭,上,見,效,皎,0,,
曉,開,四,蕭,上,影,效,曉,0,,
影,開,四,蕭,上,影,效,杳,0,,
影,開,四,蕭,上,影,效,窈,0,,
端,開,四,蕭,去,端,效,弔,0,,
端,開,四,蕭,去,端,效,釣,0,,
透,開,四,蕭,去,端,效,眺,0,,
泥,開,四,蕭,去,端,效,尿,0,,
心,開,四,蕭,去,精,效,嘯,0,,
見,開,四,蕭,去,見,效,激,0,,
見,開,四,蕭,去,見,效,叫,0,,
溪,開,四,蕭,去,見,效,竅,0,,
端,開,一,歌,平,端,果,多,0,,
透,開,一,歌,平,端,果,他,0,,
透,開,一,歌,平,端,果,它,0,,
定,開,一,歌,平,端,果,跎,0,,
定,開,一,歌,平,端,果,陀,0,,
定,開,一,歌,平,端,果,佗,0,,
定,開,一,歌,平,端,果,沱,0,,
定,開,一,歌,平,端,果,駝,0,,
定,開,一,歌,平,端,果,馱,0,,
泥,開,一,歌,平,端,果,挪,0,,
泥,開,一,歌,上,端,果,那,1,,那個
泥,開,一,歌,平,端,果,那,1,,那姓
來,開,一,歌,平,來,果,囉,1,,囉嗦
,,,,,,,囉,1,,嘍囉
來,開,一,歌,平,來,果,蘿,0,,
來,開,一,歌,平,來,果,羅,0,,
來,開,一,歌,平,來,果,儸,0,,
來,合,一,歌,平,來,果,騾,0,,
來,開,一,歌,平,來,果,籮,0,,
來,開,一,歌,平,來,果,鑼,0,,
來,合,一,歌,平,來,果,螺,0,,
清,開,一,歌,平,精,果,蹉,0,,
清,開,一,歌,平,精,果,磋,0,,
清,開,一,歌,平,精,果,搓,0,,
心,開,一,歌,平,精,果,獻,0,,
心,開,一,歌,平,精,果,娑,0,,
心,合,一,歌,平,精,果,莎,1,,莎草
,,,,,,,莎,1,,人名及音译用字
心,合,一,歌,平,精,果,梭,0,,
見,開,一,歌,平,見,果,柯,0,,
見,合,一,歌,平,見,果,過,0,,
影,合,一,歌,平,影,果,渦,1,,漩渦
見,合,一,歌,平,見,果,渦,1,,渦河
見,開,一,歌,平,見,果,哥,0,,
見,合,一,歌,平,見,果,鍋,0,,
見,開,一,歌,平,見,果,歌,0,,
見,合,一,歌,平,見,果,戈,0,,
見,開,一,歌,平,見,果,戕,0,,
見,開,三,歌,平,見,果,迦,0,,
溪,開,一,歌,平,見,果,軻,0,,
溪,合,一,歌,平,見,果,課,0,,
溪,合,一,歌,平,見,果,蝌,0,,
溪,合,一,歌,平,見,果,稞,0,,
溪,合,一,歌,平,見,果,科,0,,
疑,合,一,歌,平,見,果,訛,0,,
疑,開,一,歌,平,見,果,峨,0,,
疑,開,一,歌,平,見,果,蛾,0,,
疑,開,一,歌,平,見,果,哦,1,,吟哦
,,,,,,,哦,1,,語氣詞
疑,開,一,歌,平,見,果,俄,0,,
疑,開,一,歌,平,見,果,鵝,0,,
疑,開,一,歌,平,見,果,娥,0,,
曉,開,一,歌,平,影,果,呵,0,,
曉,合,三,歌,平,影,果,靴,0,,
匣,開,一,歌,平,影,果,何,0,,
匣,開,一,歌,平,影,果,蚵,0,,
匣,開,一,歌,平,影,果,苛,0,,
匣,開,一,歌,平,影,果,荷,1,,荷花
匣,開,一,歌,上,影,果,荷,1,,負荷
匣,合,一,歌,平,影,果,和,1,,和諧
匣,合,一,歌,去,影,果,和,1,,唱和
匣,開,一,歌,平,影,果,河,0,,
匣,合,一,歌,平,影,果,禾,0,,
影,開,一,歌,平,影,果,阿,1,,阿諛奉承
,,,,,,,阿,1,,阿伯
幫,開,一,歌,平,幫,果,波,0,,
並,開,一,歌,平,幫,果,婆,0,,
明,開,一,歌,平,幫,果,摩,0,,
明,開,一,歌,平,幫,果,魔,0,,
明,開,一,歌,平,幫,果,磨,1,,
明,開,一,歌,去,幫,果,磨,1,,
滂,開,一,歌,平,幫,果,坡,0,,
滂,開,一,歌,平,幫,果,頗,0,,
滂,開,一,歌,平,幫,果,玻,0,,
群,開,三,歌,平,見,果,伽,1,,伽藍
,,,,,,,伽,1,,瑜伽
群,開,三,歌,平,見,果,茄,1,,茄瓜
見,開,二,麻,平,見,假,茄,1,,雪茄
見,開,二,麻,平,見,假,枷,0,,
端,合,一,歌,上,端,果,朵,0,,
透,合,一,歌,上,端,果,妥,0,,
透,合,一,歌,上,端,果,橢,0,,
定,合,一,歌,上,端,果,惰,0,,
定,開,一,歌,上,端,果,舵,0,,
泥,開,一,歌,上,端,果,娜,1,,婀娜
,,,,,,,娜,1,,安娜
來,合,一,歌,上,來,果,裸,0,,
精,開,一,歌,上,精,果,左,0,,
從,合,一,歌,上,精,果,坐,0,,
心,合,一,歌,上,精,果,瑣,0,,
心,合,一,歌,上,精,果,鎖,0,,
見,合,一,歌,上,見,果,粿,0,,
見,合,一,歌,上,見,果,裹,0,,
見,合,一,歌,上,見,果,果,0,,
溪,開,一,歌,上,見,果,可,1,,可以
,,,,,,,可,1,,可汗
溪,開,一,歌,上,見,果,坷,0,,
溪,合,一,歌,上,見,果,顆,0,,
疑,開,一,歌,上,見,果,我,0,,
曉,合,一,歌,上,影,果,火,0,,
匣,合,一,歌,上,影,果,禍,0,,
幫,開,一,歌,上,幫,果,跛,1,,
,,,,,,,跛,1,,白讀
幫,開,三,支B,去,幫,止,跛,1,,站立時重心偏於某一足上
幫,開,一,歌,上,幫,果,簸,0,,
並,開,一,歌,上,幫,果,爸,0,,
明,開,一,歌,上,幫,果,麼,0,,
透,開,一,歌,去,端,果,拖,0,,
透,合,一,歌,去,端,果,唾,0,,
來,開,一,歌,去,來,果,邏,0,,
精,合,一,歌,去,精,果,挫,0,,
精,開,一,歌,去,精,果,佐,0,,
從,合,一,歌,去,精,果,座,0,,
見,開,一,歌,去,見,果,個,0,,
疑,開,一,歌,去,見,果,餓,0,,
疑,合,一,歌,去,見,果,臥,0,,
曉,合,一,歌,去,影,果,貨,0,,
匣,開,一,歌,去,影,果,賀,0,,
幫,開,一,歌,去,幫,果,播,0,,
並,開,一,歌,去,幫,果,縛,0,,
滂,開,一,歌,去,幫,果,破,0,,
心,開,三,麻,平,精,假,些,0,,
知,開,三,麻,平,知,假,爹,0,,
澄,開,二,麻,平,知,假,茶,0,,
莊,開,二,麻,平,莊,假,渣,0,,
崇,開,二,麻,平,莊,假,槎,0,,
生,開,二,麻,平,莊,假,鯊,0,,
生,開,二,麻,平,莊,假,砂,0,,
生,開,二,麻,平,莊,假,紗,0,,
生,開,二,麻,平,莊,假,沙,0,,
章,開,三,麻,平,章,假,遮,0,,
書,開,三,麻,平,章,假,奢,0,,
日,開,三,陽,入,日,宕,若,1,,假若
日,開,三,麻,上,日,假,若,1,,般若
見,開,二,麻,平,見,假,加,0,,
見,合,二,麻,平,見,假,瓜,0,,
見,開,二,麻,平,見,假,嘉,0,,
見,開,二,麻,平,見,假,家,1,,家人
,,,,,,,家,1,,曹大家
溪,合,二,麻,平,見,假,跨,0,,
溪,合,二,麻,平,見,假,夸,0,,
溪,合,二,麻,平,見,假,誇,0,,
疑,開,二,麻,平,見,假,芽,0,,
疑,開,二,麻,平,見,假,呀,0,,
疑,開,二,麻,平,見,假,牙,0,,
疑,開,二,麻,平,見,假,枒,0,,
曉,合,二,麻,平,影,假,譁,0,,
曉,合,二,麻,平,影,假,花,0,,
匣,開,二,麻,平,影,假,遐,0,,
匣,合,二,麻,平,影,假,樺,0,,
匣,合,二,麻,平,影,假,划,1,,划船
,,,,,,,划,1,,划算
匣,開,二,麻,平,影,假,瑕,0,,
匣,開,二,麻,平,影,假,蝦,1,,蝦仁
,,,,,,,蝦,1,,蝦蟆
匣,開,二,麻,平,影,假,霞,0,,
匣,合,二,麻,平,影,假,華,1,,中華
匣,合,二,麻,去,影,假,華,1,,華山
曉,合,二,麻,平,影,假,華,1,,春華秋實
影,開,二,麻,平,影,假,鴉,0,,
影,開,二,麻,平,影,假,椏,0,,
影,合,二,麻,平,影,假,窪,0,,
影,開,二,麻,平,影,假,丫,0,,
以,開,三,麻,平,以,假,斜,0,,
以,開,三,麻,平,以,假,椰,0,,
以,開,三,麻,平,以,假,邪,0,,
以,開,三,麻,平,以,假,耶,0,,
幫,開,二,麻,平,幫,假,巴,0,,
幫,開,二,麻,平,幫,假,笆,0,,
幫,開,二,麻,平,幫,假,芭,0,,
並,開,二,麻,平,幫,假,杷,0,,
並,開,二,麻,平,幫,假,琶,0,,
並,開,二,麻,平,幫,假,爬,0,,
明,開,二,麻,平,幫,假,麻,0,,
明,開,二,麻,平,幫,假,蟆,0,,
明,開,二,麻,平,幫,假,痲,0,,
滂,開,二,麻,平,幫,假,吧,1,,酒吧
,,,,,,,吧,1,,語助詞
精,開,三,麻,上,精,假,姐,0,,
心,開,三,麻,上,精,假,瀉,0,,
心,開,三,麻,上,精,假,寫,0,,
徹,開,二,麻,上,知,假,奼,0,,
生,合,二,麻,上,莊,假,傻,0,,
章,開,三,麻,上,章,假,者,0,,
常,開,三,麻,上,章,假,社,0,,
書,開,三,麻,上,章,假,捨,0,,
書,開,三,麻,去,章,假,舍,1,,宿舍
書,開,三,麻,上,章,假,舍,1,,舍生取義
日,開,三,麻,上,日,假,惹,0,,
見,合,二,麻,上,見,假,寡,0,,
見,開,二,麻,上,見,假,假,1,,假如
見,開,二,麻,去,見,假,假,1,,放假
疑,開,二,麻,上,見,假,雅,0,,
疑,合,二,麻,上,見,假,瓦,0,,
匣,合,二,麻,上,影,假,踝,0,,
匣,開,二,麻,上,影,假,夏,0,,
匣,開,二,麻,上,影,假,廈,0,,
匣,開,二,麻,去,影,假,下,1,,下面
匣,開,二,麻,上,影,假,下,1,,白讀
影,開,二,麻,上,影,假,啞,1,,聾啞
影,開,二,麻,去,影,假,啞,1,,嘔啞
影,開,二,庚,入,影,梗,啞,1,,啞然而笑
以,開,三,麻,上,以,假,冶,0,,
以,開,三,麻,上,以,假,也,0,,
幫,開,二,麻,上,幫,假,把,0,,
明,開,二,麻,上,幫,假,罵,0,,
明,開,二,麻,上,幫,假,碼,0,,
明,開,二,麻,上,幫,假,馬,0,,
精,開,三,麻,去,精,假,借,0,,
從,開,三,麻,去,精,假,藉,0,,
心,開,三,麻,去,精,假,卸,0,,
邪,開,三,麻,去,精,假,榭,0,,
邪,開,三,麻,去,精,假,謝,0,,
知,開,二,麻,去,知,假,吒,1,,哪吒
,,,,,,,吒,1,,叱吒
徹,開,二,麻,去,知,假,詫,0,,
莊,開,二,麻,去,莊,假,詐,0,,
莊,開,二,麻,去,莊,假,榨,0,,
崇,開,二,麻,去,莊,假,乍,0,,
章,開,三,麻,去,章,假,蔗,0,,
章,開,三,麻,去,章,假,炙,0,,
昌,開,三,麻,去,章,假,斥,0,,
書,開,三,麻,去,章,假,赦,0,,
見,開,二,麻,去,見,假,價,0,,
見,開,二,麻,去,見,假,嫁,0,,
見,開,二,麻,去,見,假,駕,0,,
見,開,二,麻,去,見,假,架,0,,
疑,開,二,麻,去,見,假,訝,0,,
曉,開,二,麻,去,影,假,嚇,0,,
曉,開,二,麻,去,影,假,唬,0,,
曉,合,二,麻,去,影,假,化,0,,
匣,開,二,麻,去,影,假,暇,0,,
影,開,二,麻,去,影,假,亞,0,,
以,開,三,麻,去,以,假,夜,0,,
船,開,三,麻,去,章,假,射,1,,發射
以,開,三,清A,入,以,梗,射,1,,無射
以,開,三,麻,去,以,假,射,1,,僕射
船,開,三,清A,入,章,梗,射,1,,放箭使中目標物
幫,開,二,麻,去,幫,假,霸,0,,
幫,開,二,麻,去,幫,假,靶,0,,
滂,開,二,麻,去,幫,假,怕,0,,
,,,,,,,檔,1,,
,,,,,,,檔,1,,
端,開,一,唐,平,端,宕,當,1,,當然
端,開,一,唐,去,端,宕,當,1,,適當
端,開,一,唐,平,端,宕,鐺,1,,鐺鐺
初,開,二,庚,平,莊,梗,鐺,1,,瓦鐺
透,開,一,唐,平,端,宕,盪,0,,
定,開,一,唐,平,端,宕,糖,0,,
定,開,一,唐,平,端,宕,棠,0,,
定,開,一,唐,平,端,宕,塘,0,,
定,開,一,唐,平,端,宕,唐,0,,
定,開,一,唐,平,端,宕,螳,0,,
定,開,一,唐,平,端,宕,堂,0,,
泥,開,一,唐,平,端,宕,囊,0,,
來,開,一,唐,平,來,宕,瑯,0,,
來,開,一,唐,平,來,宕,琅,0,,
來,開,一,唐,平,來,宕,榔,0,,
來,開,一,唐,平,來,宕,郎,0,,
來,開,一,唐,去,來,宕,浪,1,,波浪
來,開,一,唐,平,來,宕,浪,1,,滄浪
來,開,一,唐,平,來,宕,廊,0,,
來,開,一,唐,平,來,宕,狼,0,,
精,開,一,唐,平,精,宕,贓,0,,
清,開,一,唐,平,精,宕,滄,0,,
清,開,一,唐,平,精,宕,蒼,0,,
清,開,一,唐,平,精,宕,倉,0,,
從,開,一,唐,平,精,宕,藏,1,,收藏
從,開,一,唐,去,精,宕,藏,1,,寶藏
心,開,一,唐,平,精,宕,桑,0,,
心,開,一,唐,平,精,宕,喪,1,,喪事
心,開,一,唐,去,精,宕,喪,1,,喪失
見,開,一,唐,平,見,宕,亢,1,,喉嚨
溪,開,一,唐,去,見,宕,亢,1,,高亢
見,開,一,唐,平,見,宕,剛,0,,
見,合,一,唐,平,見,宕,胱,0,,
見,開,一,唐,平,見,宕,崗,0,,
見,合,一,唐,平,見,宕,光,0,,
見,合,一,唐,平,見,宕,恍,0,,
見,開,一,唐,平,見,宕,岡,0,,
見,合,一,唐,平,見,宕,橫,0,,
見,開,一,唐,平,見,宕,綱,0,,
見,開,一,唐,平,見,宕,鋼,0,,
溪,開,一,唐,平,見,宕,康,0,,
疑,開,一,唐,平,見,宕,昂,0,,
曉,開,一,唐,平,影,宕,炕,0,,
曉,合,一,唐,平,影,宕,荒,0,,
匣,開,一,唐,平,影,宕,杭,0,,
匣,合,一,唐,平,影,宕,凰,0,,
匣,開,一,唐,平,影,宕,航,0,,
匣,合,一,唐,平,影,宕,惶,0,,
匣,合,一,唐,平,影,宕,徨,0,,
匣,合,一,唐,平,影,宕,簧,0,,
匣,開,一,唐,平,影,宕,行,1,,銀行
匣,開,二,庚,平,影,梗,行,1,,步行
匣,開,二,庚,平,影,梗,行,1,,行路
匣,開,一,唐,去,影,宕,行,1,,行行
匣,開,二,庚,去,影,梗,行,1,,品行
匣,開,一,唐,平,影,宕,抗,0,,
匣,開,一,唐,平,影,宕,吭,1,,引吭高歌
,,,,,,,吭,1,,吭聲
匣,合,一,唐,平,影,宕,潢,0,,
匣,合,一,唐,平,影,宕,皇,0,,
匣,合,一,唐,平,影,宕,黃,0,,
匣,合,一,唐,平,影,宕,煌,0,,
影,合,一,唐,平,影,宕,汪,0,,
幫,開,一,唐,平,幫,宕,幫,0,,
並,開,一,唐,平,幫,宕,膀,1,,膀胱
,,,,,,,膀,1,,肩膀
並,開,一,唐,平,幫,宕,旁,0,,
滂,合,三,陽,上,幫,宕,彷,1,,仿佛
並,開,一,唐,平,幫,宕,彷,1,,彷徨
並,開,一,唐,平,幫,宕,螃,0,,
並,開,一,唐,去,幫,宕,傍,1,,依山傍水
並,開,一,唐,平,幫,宕,傍,1,,傍晚
明,開,一,唐,平,幫,宕,忙,0,,
明,開,一,唐,平,幫,宕,茫,0,,
滂,開,一,唐,平,幫,宕,磅,1,,磅礴
,,,,,,,磅,1,,重量單位
滂,開,一,唐,平,幫,宕,滂,0,,
端,開,一,唐,上,端,宕,黨,0,,
定,開,一,唐,上,端,宕,蕩,0,,
來,開,一,唐,上,來,宕,朗,0,,
精,開,一,唐,上,精,宕,髒,0,,
從,開,一,唐,上,精,宕,奘,0,,
見,合,一,唐,上,見,宕,廣,0,,
溪,開,一,唐,上,見,宕,慷,0,,
曉,合,一,唐,上,影,宕,慌,0,,
匣,開,一,唐,上,影,宕,骯,0,,
匣,合,一,唐,上,影,宕,晃,0,,
影,開,一,唐,上,影,宕,映,0,,
影,開,一,唐,上,影,宕,盎,0,,
明,開,一,唐,上,幫,宕,蟒,0,,
端,開,一,唐,去,端,宕,擋,1,,摒擋
,,,,,,,擋,1,,阻擋
定,開,一,唐,去,端,宕,宕,0,,
精,開,一,唐,去,精,宕,葬,0,,
溪,合,一,唐,去,見,宕,曠,0,,
匣,合,一,唐,去,影,宕,擴,0,,
並,開,一,唐,去,幫,宕,徬,0,,
滂,開,二,庚,入,幫,梗,魄,1,,魂魄
透,開,一,唐,入,端,宕,魄,1,,落魄
,,,,,,,魄,1,,旁魄
透,開,一,唐,入,端,宕,託,0,,
透,開,一,唐,入,端,宕,拓,1,,開拓
,,,,,,,拓,1,,拓本
定,開,一,唐,入,端,宕,踱,0,,
泥,開,一,唐,入,端,宕,諾,0,,
來,開,一,唐,入,來,宕,酪,1,,乳酪
,,,,,,,酪,1,,杏仁酪
來,開,一,唐,入,來,宕,洛,0,,
來,開,一,唐,入,來,宕,烙,0,,
來,開,一,唐,入,來,宕,絡,0,,
來,開,一,唐,入,來,宕,落,1,,落下
,,,,,,,落,1,,落低
來,開,一,唐,入,來,宕,駱,0,,
從,開,一,唐,入,精,宕,昨,0,,
心,開,一,唐,入,精,宕,索,0,,
見,開,一,唐,入,見,宕,格,0,,
見,開,一,唐,入,見,宕,閣,0,,
見,開,一,唐,入,見,宕,胳,0,,
見,開,一,唐,入,見,宕,各,0,,
見,合,一,唐,入,見,宕,郭,0,,
溪,合,一,唐,入,見,宕,廓,0,,
疑,開,一,唐,入,見,宕,噩,0,,
疑,開,一,唐,入,見,宕,愕,0,,
疑,開,一,唐,入,見,宕,顎,0,,
曉,開,一,唐,入,影,宕,壑,0,,
曉,合,一,唐,入,影,宕,霍,0,,
曉,開,一,唐,入,影,宕,郝,0,,
匣,合,一,唐,入,影,宕,穫,0,,
匣,開,一,唐,入,影,宕,涸,0,,
匣,開,一,唐,入,影,宕,鶴,0,,
影,開,一,唐,入,影,宕,堊,0,,
幫,開,一,唐,入,幫,宕,博,0,,
並,開,一,唐,入,幫,宕,薄,0,,
並,開,一,唐,入,幫,宕,泊,0,,
並,開,一,唐,入,幫,宕,箔,0,,
並,開,一,唐,入,幫,宕,礴,0,,
明,開,一,唐,入,幫,宕,莫,0,,
明,開,一,唐,入,幫,宕,寞,0,,
明,開,一,唐,入,幫,宕,漠,0,,
明,開,一,唐,入,幫,宕,幕,0,,
滂,開,一,唐,入,幫,宕,粕,0,,
滂,開,一,唐,入,幫,宕,膊,0,,
娘,開,三,陽,平,知,宕,娘,0,,
來,開,三,陽,平,來,宕,糧,0,,
來,開,三,陽,平,來,宕,量,1,,測量
來,開,三,陽,去,來,宕,量,1,,重量
來,開,三,陽,平,來,宕,蜋,0,,
來,開,三,陽,平,來,宕,粱,0,,
來,開,三,陽,平,來,宕,良,0,,
來,開,三,陽,平,來,宕,涼,0,,
來,開,三,陽,平,來,宕,梁,0,,
精,開,三,陽,平,精,宕,蔣,0,,
精,開,三,陽,平,精,宕,將,1,,將來
精,開,三,陽,去,精,宕,將,1,,將領
精,開,三,陽,平,精,宕,漿,0,,
,,,,,,,搶,1,,
清,開,三,陽,平,精,宕,搶,1,,
清,開,三,陽,平,精,宕,鏘,0,,
清,開,三,陽,平,精,宕,槍,0,,
從,開,三,陽,平,精,宕,牆,0,,
從,開,三,陽,平,精,宕,薔,0,,
心,開,三,陽,平,精,宕,襄,0,,
心,開,三,陽,平,精,宕,湘,0,,
心,開,三,陽,平,精,宕,相,1,,互相
心,開,三,陽,去,精,宕,相,1,,相貌
心,開,三,陽,平,精,宕,廂,0,,
心,開,三,陽,平,精,宕,箱,0,,
邪,開,三,陽,平,精,宕,翔,0,,
邪,開,三,陽,平,精,宕,祥,0,,
邪,開,三,陽,平,精,宕,庠,0,,
知,開,三,陽,平,知,宕,張,0,,
知,開,三,陽,平,知,宕,漲,0,,
澄,開,三,陽,平,知,宕,長,1,,長久
知,開,三,陽,上,知,宕,長,1,,長大
澄,開,三,陽,平,知,宕,腸,0,,
澄,開,三,陽,平,知,宕,場,0,,
莊,開,三,陽,平,莊,宕,妝,0,,
莊,開,三,陽,平,莊,宕,莊,0,,
莊,開,三,陽,平,莊,宕,裝,0,,
初,開,三,陽,平,莊,宕,創,1,,創傷
初,開,三,陽,去,莊,宕,創,1,,創造
初,開,三,陽,平,莊,宕,瘡,0,,
崇,開,三,陽,平,莊,宕,床,0,,
生,開,三,陽,平,莊,宕,霜,0,,
章,開,三,陽,平,章,宕,障,0,,
章,開,三,陽,平,章,宕,璋,0,,
章,開,三,陽,平,章,宕,樟,0,,
章,開,三,陽,平,章,宕,章,0,,
章,開,三,陽,平,章,宕,漳,0,,
章,開,三,陽,平,章,宕,彰,0,,
昌,開,三,陽,平,章,宕,猖,0,,
昌,開,三,陽,平,章,宕,倡,1,,倡優
昌,開,三,陽,去,章,宕,倡,1,,倡導
昌,開,三,陽,平,章,宕,昌,0,,
昌,開,三,陽,平,章,宕,菖,0,,
常,開,三,陽,平,章,宕,嘗,0,,
常,開,三,陽,平,章,宕,常,0,,
常,開,三,陽,平,章,宕,償,0,,
常,開,三,陽,平,章,宕,徜,0,,
常,開,三,陽,平,章,宕,尚,0,,
常,開,三,陽,平,章,宕,裳,0,,
書,開,三,陽,平,章,宕,商,0,,
書,開,三,陽,平,章,宕,傷,0,,
書,開,三,陽,平,章,宕,湯,0,,
日,開,三,陽,平,日,宕,攘,1,,攘除
,,,,,,,攘,1,,擾攘
日,開,三,陽,平,日,宕,鑲,0,,
見,開,三,陽,平,見,宕,疆,0,,
見,開,三,陽,平,見,宕,薑,0,,
見,開,三,陽,平,見,宕,韁,0,,
見,開,三,陽,平,見,宕,僵,0,,
見,開,三,陽,平,見,宕,姜,0,,
溪,合,三,陽,平,見,宕,框,0,,
溪,合,三,陽,平,見,宕,筐,0,,
溪,開,三,陽,平,見,宕,羌,0,,
溪,合,三,陽,平,見,宕,眶,0,,
曉,開,三,陽,平,影,宕,鄉,0,,
曉,開,三,陽,平,影,宕,香,0,,
影,開,三,陽,平,影,宕,鴦,0,,
影,開,三,陽,平,影,宕,央,0,,
影,開,三,陽,平,影,宕,殃,0,,
影,開,三,陽,平,影,宕,秧,0,,
云,合,三,陽,平,影,宕,王,1,,國王
云,合,三,陽,去,影,宕,王,1,,王天下
以,開,三,陽,平,以,宕,揚,0,,
以,開,三,陽,平,以,宕,詳,0,,
以,開,三,陽,平,以,宕,洋,0,,
以,開,三,陽,平,以,宕,羊,0,,
以,開,三,陽,平,以,宕,陽,0,,
以,開,三,陽,平,以,宕,烊,0,,
以,開,三,陽,平,以,宕,徉,0,,
以,開,三,陽,平,以,宕,楊,0,,
以,開,三,陽,平,以,宕,瘍,0,,
並,合,三,陽,平,幫,宕,肪,0,,
並,合,三,陽,平,幫,宕,方,0,,
並,合,三,陽,平,幫,宕,防,0,,
並,合,三,陽,平,幫,宕,房,0,,
幫,合,三,陽,平,幫,宕,坊,1,,街坊
並,合,三,陽,平,幫,宕,坊,1,,堤坊
明,合,三,陽,平,幫,宕,亡,0,,
明,合,三,陽,平,幫,宕,望,0,,
明,合,三,陽,平,幫,宕,芒,1,,光芒
,,,,,,,芒,1,,芒果
滂,合,三,陽,平,幫,宕,妨,0,,
滂,合,三,陽,平,幫,宕,芳,0,,
群,開,三,陽,平,見,宕,強,1,,強壯
,,,,,,,強,1,,勉強
,,,,,,,強,1,,倔強
群,合,三,陽,平,見,宕,狂,0,,
來,開,三,陽,上,來,宕,兩,1,,兩個
來,開,三,陽,上,來,宕,兩,1,,十兩
精,開,三,陽,上,精,宕,獎,0,,
精,開,三,陽,上,精,宕,槳,0,,
心,開,三,陽,上,精,宕,想,0,,
邪,開,三,陽,上,精,宕,橡,0,,
邪,開,三,陽,上,精,宕,像,0,,
邪,開,三,陽,上,精,宕,象,0,,
澄,開,三,陽,去,知,宕,仗,1,,仗義
,,,,,,,仗,1,,打仗
澄,開,三,陽,上,知,宕,杖,0,,
澄,開,三,陽,上,知,宕,丈,0,,
初,開,三,陽,上,莊,宕,愴,0,,
生,開,三,陽,上,莊,宕,爽,0,,
章,開,三,陽,上,章,宕,掌,0,,
昌,開,三,陽,上,章,宕,敞,0,,
昌,開,三,陽,上,章,宕,廠,0,,
常,開,三,陽,上,章,宕,上,1,,
常,開,三,陽,去,章,宕,上,1,,
書,開,三,陽,上,章,宕,賞,0,,
日,開,三,陽,上,日,宕,壤,0,,
見,合,三,陽,上,見,宕,逛,0,,
見,開,三,陽,上,見,宕,襁,0,,
見,合,三,陽,上,見,宕,獷,0,,
疑,開,三,陽,上,見,宕,仰,0,,
曉,開,三,陽,上,影,宕,嚮,0,,
曉,開,三,陽,上,影,宕,響,0,,
曉,開,三,陽,上,影,宕,饗,0,,
影,合,三,陽,上,影,宕,枉,0,,
云,合,三,陽,上,影,宕,往,0,,
以,開,三,陽,上,以,宕,癢,0,,
以,開,三,陽,上,以,宕,養,0,,
幫,合,三,陽,上,幫,宕,放,0,,
明,合,三,陽,上,幫,宕,惘,0,,
明,合,三,陽,上,幫,宕,網,0,,
滂,合,三,陽,上,幫,宕,仿,0,,
滂,合,三,陽,上,幫,宕,紡,0,,
娘,開,三,陽,去,知,宕,釀,0,,
來,開,三,陽,去,來,宕,亮,0,,
來,開,三,陽,去,來,宕,掠,0,,
來,開,三,陽,去,來,宕,諒,0,,
精,開,三,陽,去,精,宕,醬,0,,
從,開,三,陽,去,精,宕,匠,0,,
知,開,三,陽,去,知,宕,帳,0,,
知,開,三,陽,去,知,宕,脹,0,,
徹,開,三,陽,去,知,宕,悵,0,,
徹,開,三,陽,去,知,宕,暢,0,,
莊,開,三,陽,去,莊,宕,壯,0,,
崇,開,三,陽,去,莊,宕,狀,0,,
昌,開,三,陽,去,章,宕,唱,0,,
書,開,三,陽,去,章,宕,向,0,,
日,開,三,陽,去,日,宕,讓,0,,
曉,合,三,陽,去,影,宕,況,0,,
云,合,三,陽,去,影,宕,旺,0,,
以,開,三,陽,去,以,宕,漾,0,,
明,合,三,陽,去,幫,宕,妄,0,,
明,合,三,陽,去,幫,宕,忘,0,,
滂,合,三,陽,去,幫,宕,訪,0,,
來,開,三,陽,入,來,宕,略,0,,
精,開,三,陽,入,精,宕,雀,0,,
精,開,三,陽,入,精,宕,爵,0,,
清,開,三,陽,入,精,宕,鵲,0,,
從,開,三,陽,入,精,宕,嚼,0,,
心,開,三,陽,入,精,宕,削,0,,
章,開,三,陽,入,章,宕,酌,0,,
章,開,三,陽,入,章,宕,灼,0,,
章,開,三,陽,入,章,宕,勺,0,,
昌,開,三,陽,入,章,宕,綽,0,,
書,開,三,陽,入,章,宕,爍,0,,
泥,開,四,青,入,端,梗,溺,1,,溺死
,,,,,,,溺,1,,便溺
日,開,三,陽,入,日,宕,箬,0,,
日,開,三,陽,入,日,宕,弱,0,,
見,開,三,陽,入,見,宕,腳,0,,
見,開,三,陽,入,見,宕,卻,0,,
疑,開,三,陽,入,見,宕,瘧,0,,
疑,開,三,陽,入,見,宕,虐,0,,
曉,開,三,陽,入,影,宕,謔,0,,
以,開,三,陽,入,以,宕,躍,0,,
以,開,三,陽,入,以,宕,藥,0,,
以,開,三,陽,入,以,宕,鑰,0,,
娘,開,二,庚,平,知,梗,獰,0,,
知,開,二,庚,平,知,梗,趟,0,,
徹,開,二,庚,平,知,梗,瞠,0,,
澄,開,二,庚,平,知,梗,盯,0,,
澄,開,二,庚,平,知,梗,澄,0,,
初,開,二,庚,平,莊,梗,鎗,1,,
,,,,,,,鎗,1,,
崇,開,二,庚,平,莊,梗,崢,0,,
生,開,二,庚,平,莊,梗,牲,0,,
生,開,二,庚,平,莊,梗,笙,0,,
生,開,二,庚,平,莊,梗,猩,0,,
生,開,二,庚,平,莊,梗,甥,0,,
生,開,二,庚,平,莊,梗,生,0,,
見,開,二,庚,平,見,梗,羹,0,,
見,開,二,庚,平,見,梗,更,1,,更改
見,開,二,庚,平,見,梗,更,1,,三更半夜
見,開,二,庚,去,見,梗,更,1,,更加
見,開,二,庚,平,見,梗,埂,0,,
見,開,二,庚,平,見,梗,庚,0,,
見,開,三,庚,平,見,梗,京,0,,
見,開,三,庚,平,見,梗,驚,0,,
見,開,三,庚,平,見,梗,荊,0,,
溪,開,二,庚,平,見,梗,坑,0,,
溪,開,三,庚,平,見,梗,卿,0,,
疑,開,三,庚,平,見,梗,迎,0,,
曉,開,二,庚,平,影,梗,亨,0,,
曉,合,三,庚,平,影,梗,兄,0,,
匣,開,二,庚,平,影,梗,衡,0,,
影,開,三,庚,平,影,梗,瑛,0,,
影,開,三,庚,平,影,梗,英,0,,
云,合,三,庚,平,影,梗,瑩,0,,
云,合,三,庚,平,影,梗,榮,0,,
云,合,三,庚,平,影,梗,嶸,0,,
幫,開,三,庚,平,幫,梗,兵,0,,
並,開,二,庚,平,幫,梗,棚,0,,
並,開,二,庚,平,幫,梗,榜,0,,
並,開,二,庚,平,幫,梗,膨,0,,
並,開,二,庚,平,幫,梗,澎,0,,
並,開,二,庚,平,幫,梗,彭,0,,
並,開,三,庚,平,幫,梗,評,0,,
並,開,三,庚,平,幫,梗,坪,0,,
明,開,二,庚,平,幫,梗,盲,0,,
明,開,三,庚,平,幫,梗,鳴,0,,
明,開,三,庚,平,幫,梗,盟,0,,
明,開,三,庚,平,幫,梗,明,0,,
群,開,三,庚,平,見,梗,擎,0,,
群,開,三,庚,平,見,梗,鯨,0,,
娘,開,二,庚,上,知,梗,檸,0,,
,,,,,,,打,1,,
,,,,,,,打,1,,
心,開,三,清A,上,精,梗,省,1,,反省
生,開,三,庚,上,莊,梗,省,1,,省城
見,開,二,庚,上,見,梗,哽,0,,
見,合,二,庚,上,見,梗,礦,0,,
見,開,二,庚,上,見,梗,梗,0,,
見,開,三,庚,上,見,梗,境,0,,
見,開,三,庚,上,見,梗,警,0,,
見,合,三,庚,上,見,梗,憬,0,,
見,開,三,庚,上,見,梗,景,0,,
匣,開,二,庚,上,影,梗,杏,0,,
影,開,三,庚,上,影,梗,影,0,,
云,合,三,庚,上,影,梗,永,0,,
幫,開,三,庚,上,幫,梗,炳,0,,
幫,開,三,庚,上,幫,梗,秉,0,,
幫,開,三,庚,上,幫,梗,丙,0,,
明,開,二,庚,上,幫,梗,猛,0,,
明,開,二,庚,上,幫,梗,蜢,0,,
明,開,二,庚,上,幫,梗,艋,0,,
明,開,三,庚,上,幫,梗,皿,0,,
見,開,三,庚,去,見,梗,敬,0,,
見,開,三,庚,去,見,梗,鏡,0,,
見,開,三,庚,去,見,梗,竟,0,,
溪,開,三,庚,去,見,梗,慶,0,,
云,合,三,庚,去,影,梗,詠,0,,
云,合,三,庚,去,影,梗,泳,0,,
幫,開,三,庚,去,幫,梗,柄,0,,
並,開,三,庚,去,幫,梗,病,0,,
明,開,二,庚,去,幫,梗,孟,0,,
明,開,三,庚,去,幫,梗,命,0,,
群,開,三,庚,去,見,梗,競,0,,
徹,開,二,庚,入,知,梗,坼,0,,
澄,開,二,庚,入,知,梗,宅,0,,
澄,開,二,庚,入,知,梗,澤,0,,
澄,開,二,庚,入,知,梗,擇,0,,
莊,開,二,庚,入,莊,梗,嘖,0,,
莊,開,二,庚,入,莊,梗,蚱,0,,
莊,開,二,庚,入,莊,梗,窄,0,,
見,開,二,庚,入,見,梗,骼,0,,
溪,開,二,庚,入,見,梗,喀,0,,
溪,開,二,庚,入,見,梗,客,0,,
溪,開,三,庚,入,見,梗,隙,0,,
疑,開,二,庚,入,見,梗,額,0,,
疑,開,三,庚,入,見,梗,逆,0,,
曉,開,二,庚,入,影,梗,赫,0,,
幫,開,二,庚,入,幫,梗,柏,0,,
幫,開,二,庚,入,幫,梗,伯,1,,老伯
,,,,,,,伯,1,,春秋五伯
幫,開,二,庚,入,幫,梗,百,0,,
幫,開,二,庚,入,幫,梗,迫,0,,
並,開,二,庚,入,幫,梗,帛,0,,
並,開,二,庚,入,幫,梗,白,0,,
明,開,二,庚,入,幫,梗,驀,0,,
明,開,二,庚,入,幫,梗,陌,0,,
明,開,二,庚,入,幫,梗,佰,0,,
滂,開,二,庚,入,幫,梗,珀,0,,
滂,開,二,庚,入,幫,梗,拍,0,,
群,開,三,庚,入,見,梗,劇,0,,
知,開,二,耕,平,知,梗,丁,0,,
澄,開,二,耕,平,知,梗,瞪,0,,
澄,開,二,耕,平,知,梗,橙,0,,
莊,開,二,耕,平,莊,梗,爭,0,,
莊,開,二,耕,平,莊,梗,猙,0,,
莊,開,二,耕,平,莊,梗,箏,0,,
見,開,二,耕,平,見,梗,耕,0,,
溪,開,二,耕,平,見,梗,鏗,0,,
曉,合,二,耕,平,影,梗,轟,0,,
匣,合,二,耕,平,影,梗,閎,0,,
匣,合,二,耕,平,影,梗,宏,0,,
匣,開,二,耕,平,影,梗,莖,0,,
影,開,二,耕,平,影,梗,鶯,0,,
影,開,二,耕,平,影,梗,鸚,0,,
影,開,二,耕,平,影,梗,罌,0,,
影,開,二,耕,平,影,梗,櫻,0,,
幫,開,二,耕,平,幫,梗,拼,0,,
幫,開,二,耕,平,幫,梗,繃,1,,繃帶
,,,,,,,繃,1,,繃著臉
並,開,二,耕,平,幫,梗,庄,0,,
明,開,二,耕,平,幫,梗,萌,0,,
滂,開,二,耕,平,幫,梗,砰,0,,
見,開,二,耕,上,見,梗,耿,0,,
匣,開,二,耕,上,影,梗,倖,0,,
匣,開,二,耕,上,影,梗,幸,0,,
莊,開,二,耕,去,莊,梗,諍,0,,
疑,開,二,耕,去,見,梗,硬,0,,
幫,開,二,耕,去,幫,梗,迸,0,,
知,開,二,耕,入,知,梗,摘,0,,
莊,開,二,耕,入,莊,梗,責,0,,
初,開,二,耕,入,莊,梗,冊,0,,
初,開,二,耕,入,莊,梗,策,0,,
見,開,二,耕,入,見,梗,隔,0,,
見,開,二,耕,入,見,梗,革,0,,
匣,合,二,耕,入,影,梗,獲,0,,
匣,開,二,耕,入,影,梗,核,0,,
匣,合,二,耕,入,影,梗,劃,0,,
影,開,二,耕,入,影,梗,厄,0,,
明,開,二,耕,入,幫,梗,麥,0,,
明,開,二,耕,入,幫,梗,脈,0,,
精,開,三,清A,平,精,梗,精,0,,
精,開,三,清A,平,精,梗,菁,0,,
精,開,三,清A,平,精,梗,睛,0,,
精,開,三,清A,平,精,梗,蜻,0,,
精,開,三,清A,平,精,梗,晶,0,,
清,開,三,清A,平,精,梗,清,0,,
從,開,三,清A,平,精,梗,情,0,,
從,開,三,清A,平,精,梗,請,0,,
從,開,三,清A,平,精,梗,晴,0,,
章,開,三,清A,平,章,梗,正,1,,正月
章,開,三,清A,去,章,梗,正,1,,正午
章,開,三,清A,平,章,梗,怔,0,,
章,開,三,清A,平,章,梗,征,0,,
常,開,三,清A,平,章,梗,誠,0,,
常,開,三,清A,平,章,梗,成,0,,
常,開,三,清A,平,章,梗,城,0,,
常,開,三,清A,去,章,梗,盛,1,,旺盛
常,開,三,清A,平,章,梗,盛,1,,盛湯
書,開,三,清A,平,章,梗,聲,0,,
溪,合,三,清A,平,見,梗,頃,0,,
溪,合,三,清A,平,見,梗,傾,0,,
溪,開,三,清A,平,見,梗,輕,0,,
影,合,三,清A,平,影,梗,縈,0,,
影,開,三,清A,平,影,梗,嬰,0,,
以,合,三,清A,平,以,梗,營,0,,
以,開,三,清A,平,以,梗,盈,0,,
以,開,三,清A,平,以,梗,贏,0,,
並,開,四,青,平,幫,梗,屏,1,,屏幕
幫,開,三,清A,上,幫,梗,屏,1,,屏除
幫,開,三,清A,平,幫,梗,并,0,,
明,開,三,清A,平,幫,梗,名,0,,
群,合,三,清A,平,見,梗,瓊,0,,
群,開,三,清A,平,見,梗,頸,0,,
來,開,三,清A,上,來,梗,嶺,0,,
來,開,三,清A,上,來,梗,領,0,,
精,開,三,清A,上,精,梗,井,0,,
從,開,三,清A,上,精,梗,睜,0,,
從,開,三,清A,上,精,梗,阱,0,,
從,開,三,清A,上,精,梗,靖,0,,
從,開,三,清A,上,精,梗,靜,0,,
章,開,三,清A,上,章,梗,整,0,,
以,合,三,清A,上,以,梗,潁,0,,
以,合,三,清A,上,以,梗,穎,0,,
幫,開,三,清A,上,幫,梗,餅,0,,
幫,開,三,清A,上,幫,梗,併,0,,
從,開,三,清A,去,精,梗,淨,0,,
心,開,三,清A,去,精,梗,性,0,,
心,開,三,清A,去,精,梗,姓,0,,
章,開,三,清A,去,章,梗,政,0,,
書,開,三,清A,去,章,梗,聖,0,,
見,開,三,清A,去,見,梗,勁,0,,
幫,開,三,清A,去,幫,梗,摒,0,,
滂,開,三,清A,去,幫,梗,聘,0,,
精,開,三,清A,入,精,梗,跡,0,,
精,開,三,清A,入,精,梗,蹟,0,,
精,開,三,清A,入,精,梗,脊,0,,
從,開,三,清A,入,精,梗,瘠,0,,
從,開,三,清A,入,精,梗,籍,0,,
心,開,三,清A,入,精,梗,惜,0,,
心,開,三,清A,入,精,梗,昔,0,,
邪,開,三,清A,入,精,梗,汐,0,,
邪,開,三,清A,入,精,梗,夕,0,,
邪,開,三,清A,入,精,梗,蓆,0,,
邪,開,三,清A,入,精,梗,席,0,,
章,開,三,清A,入,章,梗,隻,0,,
昌,開,三,清A,入,章,梗,尺,0,,
昌,開,三,清A,入,章,梗,赤,0,,
常,開,三,清A,入,章,梗,碩,0,,
常,開,三,清A,入,章,梗,石,0,,
書,開,三,清A,入,章,梗,釋,0,,
書,開,三,清A,入,章,梗,適,0,,
影,開,三,清A,入,影,梗,益,0,,
以,開,三,清A,入,以,梗,亦,0,,
以,合,三,清A,入,以,梗,疫,0,,
以,開,三,清A,入,以,梗,液,0,,
以,開,三,清A,入,以,梗,奕,0,,
以,開,三,清A,入,以,梗,驛,0,,
以,開,三,清A,入,以,梗,腋,0,,
以,開,三,清A,入,以,梗,繹,0,,
以,開,三,清A,入,以,梗,睪,1,,伺視
,,,,,,,睪,1,,睪丸
以,開,三,清A,入,以,梗,譯,0,,
以,開,三,清A,入,以,梗,蜴,0,,
以,合,三,清A,入,以,梗,役,0,,
幫,開,三,清A,入,幫,梗,璧,0,,
並,開,三,清A,入,幫,梗,闢,0,,
滂,開,三,清A,入,幫,梗,僻,0,,
知,開,三,清B,平,知,梗,楨,0,,
知,開,三,清B,平,知,梗,貞,0,,
知,開,三,清B,平,知,梗,禎,0,,
徹,開,三,清B,平,知,梗,偵,0,,
澄,開,三,清B,平,知,梗,程,0,,
澄,開,三,清B,平,知,梗,呈,0,,
徹,開,三,清B,上,知,梗,逞,0,,
徹,開,三,清B,上,知,梗,騁,0,,
澄,開,三,清B,去,知,梗,鄭,0,,
澄,開,三,清B,入,知,梗,擲,0,,
幫,開,三,清B,入,幫,梗,碧,0,,
端,開,四,青,平,端,梗,仃,0,,
端,開,四,青,平,端,梗,釘,0,,
端,開,四,青,平,端,梗,叮,0,,
透,開,四,青,平,端,梗,汀,0,,
透,開,四,青,平,端,梗,聽,1,,聽力
透,開,四,青,去,端,梗,聽,1,,聽任
透,開,四,青,平,端,梗,訂,0,,
透,開,四,青,平,端,梗,廳,0,,
透,開,四,青,平,端,梗,町,1,,町畦
,,,,,,,町,1,,畹町，地名
定,開,四,青,平,端,梗,亭,0,,
定,開,四,青,平,端,梗,挺,0,,
定,開,四,青,平,端,梗,蜓,0,,
定,開,四,青,平,端,梗,停,0,,
定,開,四,青,平,端,梗,霆,0,,
定,開,四,青,平,端,梗,廷,0,,
定,開,四,青,平,端,梗,庭,0,,
泥,開,四,青,平,端,梗,嚀,0,,
泥,開,四,青,平,端,梗,寧,0,,
來,開,四,青,平,來,梗,聆,0,,
來,開,四,青,平,來,梗,齡,0,,
來,開,四,青,平,來,梗,冷,0,,
來,開,四,青,平,來,梗,羚,0,,
來,開,四,青,平,來,梗,蛉,0,,
來,開,四,青,平,來,梗,鈴,0,,
來,開,四,青,平,來,梗,伶,0,,
來,開,四,青,平,來,梗,玲,0,,
來,開,四,青,平,來,梗,拎,0,,
來,開,四,青,平,來,梗,靈,0,,
清,開,四,青,平,精,梗,青,0,,
心,開,四,青,平,精,梗,醒,0,,
心,開,四,青,平,精,梗,腥,0,,
心,開,四,青,平,精,梗,惺,0,,
心,開,四,青,平,精,梗,星,0,,
見,開,四,青,平,見,梗,涇,0,,
見,開,四,青,平,見,梗,經,0,,
曉,開,四,青,平,影,梗,馨,0,,
匣,開,四,青,平,影,梗,刑,0,,
匣,開,四,青,平,影,梗,型,0,,
匣,合,四,青,平,影,梗,螢,0,,
匣,開,四,青,平,影,梗,形,0,,
並,開,四,青,平,幫,梗,瓶,0,,
並,開,四,青,平,幫,梗,萍,0,,
明,開,四,青,平,幫,梗,冥,0,,
明,開,四,青,平,幫,梗,銘,0,,
明,開,四,青,平,幫,梗,螟,0,,
端,開,四,青,上,端,梗,鼎,0,,
端,開,四,青,上,端,梗,頂,0,,
定,開,四,青,上,端,梗,艇,0,,
泥,開,四,青,上,端,梗,濘,0,,
匣,合,四,青,上,影,梗,迥,0,,
匣,合,四,青,上,影,梗,炯,0,,
並,開,四,青,上,幫,梗,並,0,,
定,開,四,青,去,端,梗,定,0,,
見,開,四,青,去,見,梗,逕,0,,
見,開,四,青,去,見,梗,徑,0,,
溪,開,四,青,去,見,梗,罄,0,,
端,開,四,青,入,端,梗,的,0,,
端,開,四,青,入,端,梗,滴,0,,
透,開,四,青,入,端,梗,踢,0,,
透,開,四,青,入,端,梗,剔,0,,
透,開,四,青,入,端,梗,惕,0,,
定,開,四,青,入,端,梗,笛,0,,
定,開,四,青,入,端,梗,滌,0,,
定,開,四,青,入,端,梗,迪,0,,
定,開,四,青,入,端,梗,敵,0,,
定,開,四,青,入,端,梗,荻,0,,
定,開,四,青,入,端,梗,狄,0,,
來,開,四,青,入,來,梗,瀝,1,,瀝乾
,,,,,,,瀝,1,,大瀝，地名
來,開,四,青,入,來,梗,靂,0,,
來,開,四,青,入,來,梗,曆,0,,
來,開,四,青,入,來,梗,礫,0,,
來,開,四,青,入,來,梗,歷,0,,
精,開,四,青,入,精,梗,績,0,,
清,開,四,青,入,精,梗,戚,0,,
從,開,四,青,入,精,梗,寂,0,,
心,開,四,青,入,精,梗,淅,0,,
心,開,四,青,入,精,梗,蜥,0,,
心,開,四,青,入,精,梗,錫,0,,
心,開,四,青,入,精,梗,析,0,,
見,開,四,青,入,見,梗,擊,0,,
幫,開,四,青,入,幫,梗,壁,0,,
明,開,四,青,入,幫,梗,覓,0,,
滂,開,四,青,入,幫,梗,劈,0,,
滂,開,四,青,入,幫,梗,霹,0,,
端,開,一,登,平,端,曾,燈,0,,
端,開,一,登,平,端,曾,登,0,,
定,開,一,登,平,端,曾,騰,0,,
定,開,一,登,平,端,曾,藤,0,,
來,開,一,登,平,來,曾,楞,1,,楞角
,,,,,,,楞,1,,發楞
來,開,一,登,平,來,曾,稜,0,,
精,開,一,登,平,精,曾,增,0,,
精,開,一,登,平,精,曾,憎,0,,
精,開,一,登,平,精,曾,曾,1,,曾孫
從,開,一,登,平,精,曾,曾,1,,曾經
從,開,一,登,平,精,曾,層,0,,
心,開,一,登,平,精,曾,僧,0,,
匣,開,一,登,平,影,曾,恆,0,,
匣,合,一,登,平,影,曾,弘,0,,
幫,開,一,登,平,幫,曾,崩,0,,
並,開,一,登,平,幫,曾,朋,0,,
並,開,一,登,平,幫,曾,鵬,0,,
溪,開,一,登,上,見,曾,肯,0,,
端,開,一,登,去,端,曾,凳,0,,
定,開,一,登,去,端,曾,蹬,0,,
定,開,一,登,去,端,曾,鄧,0,,
從,開,一,登,去,精,曾,贈,0,,
見,開,一,登,去,見,曾,亙,0,,
端,開,一,登,入,端,曾,德,0,,
端,開,一,登,入,端,曾,得,0,,
定,開,一,登,入,端,曾,特,0,,
來,開,一,登,入,來,曾,肋,0,,
來,開,一,登,入,來,曾,勒,0,,
精,開,一,登,入,精,曾,則,0,,
從,開,一,登,入,精,曾,賊,0,,
見,合,一,登,入,見,曾,國,0,,
溪,開,一,登,入,見,曾,剋,0,,
溪,開,一,登,入,見,曾,刻,0,,
溪,開,一,登,入,見,曾,克,0,,
曉,開,一,登,入,影,曾,黑,0,,
匣,合,一,登,入,影,曾,惑,0,,
匣,合,一,登,入,影,曾,或,0,,
幫,開,一,登,入,幫,曾,北,0,,
並,開,一,登,入,幫,曾,蔔,0,,
明,開,一,登,入,幫,曾,墨,0,,
明,開,一,登,入,幫,曾,默,0,,
來,開,三,蒸,平,來,曾,凌,0,,
來,開,三,蒸,平,來,曾,陵,0,,
來,開,三,蒸,平,來,曾,菱,0,,
知,開,三,蒸,平,知,曾,徵,1,,徵求
知,開,三,之,上,知,止,徵,1,,古代五音之一
知,開,三,蒸,平,知,曾,癥,0,,
澄,開,三,蒸,平,知,曾,懲,0,,
章,開,三,蒸,平,章,曾,蒸,0,,
昌,開,三,蒸,平,章,曾,稱,1,,稱呼
昌,開,三,蒸,去,章,曾,稱,1,,稱職
常,開,三,蒸,平,章,曾,丞,0,,
常,開,三,蒸,平,章,曾,承,0,,
書,開,三,蒸,平,章,曾,升,0,,
書,開,三,蒸,平,章,曾,昇,0,,
書,開,三,蒸,平,章,曾,勝,1,,勝任
書,開,三,蒸,去,章,曾,勝,1,,勝利
船,開,三,蒸,平,章,曾,繩,0,,
船,開,三,蒸,平,章,曾,乘,1,,乘車
船,開,三,蒸,去,章,曾,乘,1,,萬乘之國
日,開,三,蒸,平,日,曾,仍,0,,
日,開,三,蒸,平,日,曾,扔,0,,
見,開,三,蒸,平,見,曾,兢,0,,
疑,開,三,蒸,平,見,曾,凝,0,,
曉,開,三,蒸,平,影,曾,興,1,,興旺
曉,開,三,蒸,去,影,曾,興,1,,助興
影,開,三,蒸,平,影,曾,應,1,,應該
影,開,三,蒸,去,影,曾,應,1,,回應
影,開,三,蒸,平,影,曾,鷹,0,,
以,開,三,蒸,平,以,曾,蠅,0,,
幫,開,三,蒸,平,幫,曾,冰,0,,
並,開,三,蒸,平,幫,曾,憑,0,,
章,開,三,蒸,上,章,曾,拯,0,,
章,開,三,蒸,去,章,曾,證,0,,
昌,開,三,蒸,去,章,曾,秤,1,,地秤
,,,,,,,秤,1,,天秤
船,開,三,蒸,去,章,曾,剩,0,,
以,開,三,蒸,去,以,曾,孕,0,,
娘,開,三,蒸,入,知,曾,匿,0,,
來,開,三,蒸,入,來,曾,力,0,,
精,開,三,蒸,入,精,曾,即,0,,
心,開,三,蒸,入,精,曾,熄,0,,
心,開,三,蒸,入,精,曾,息,0,,
徹,開,三,蒸,入,知,曾,敕,0,,
澄,開,三,蒸,入,知,曾,直,0,,
莊,開,三,蒸,入,莊,曾,側,0,,
初,開,三,蒸,入,莊,曾,惻,0,,
初,開,三,蒸,入,莊,曾,測,0,,
生,開,三,蒸,入,莊,曾,嗇,0,,
生,開,三,蒸,入,莊,曾,色,0,,
章,開,三,蒸,入,章,曾,職,0,,
常,開,三,蒸,入,章,曾,殖,0,,
書,開,三,蒸,入,章,曾,軾,0,,
書,開,三,蒸,入,章,曾,飾,0,,
書,開,三,蒸,入,章,曾,式,0,,
書,開,三,蒸,入,章,曾,拭,0,,
船,開,三,蒸,入,章,曾,蝕,0,,
見,開,三,蒸,入,見,曾,棘,0,,
影,開,三,蒸,入,影,曾,億,0,,
影,開,三,蒸,入,影,曾,憶,0,,
影,開,三,蒸,入,影,曾,抑,0,,
云,合,三,蒸,入,影,曾,域,0,,
以,開,三,蒸,入,以,曾,翌,0,,
以,開,三,蒸,入,以,曾,翼,0,,
幫,開,三,蒸,入,幫,曾,逼,0,,
群,開,三,蒸,入,見,曾,極,0,,
來,開,三,尤,平,來,流,榴,0,,
來,開,三,尤,平,來,流,流,0,,
來,開,三,尤,平,來,流,劉,0,,
來,開,三,尤,平,來,流,瘤,0,,
來,開,三,尤,平,來,流,瀏,0,,
來,開,三,尤,平,來,流,留,0,,
來,開,三,尤,平,來,流,硫,0,,
精,開,三,尤,平,精,流,啾,0,,
清,開,三,尤,平,精,流,鰍,0,,
清,開,三,尤,平,精,流,秋,0,,
心,開,三,尤,平,精,流,脩,0,,
心,開,三,尤,平,精,流,羞,0,,
心,開,三,尤,平,精,流,修,0,,
邪,開,三,尤,平,精,流,囚,0,,
徹,開,三,尤,平,知,流,惆,0,,
徹,開,三,尤,平,知,流,抽,0,,
澄,開,三,尤,平,知,流,躊,0,,
澄,開,三,尤,平,知,流,稠,0,,
澄,開,三,尤,平,知,流,籌,0,,
澄,開,三,尤,平,知,流,疇,0,,
莊,開,三,尤,平,莊,流,鄒,0,,
崇,開,三,尤,平,莊,流,愁,0,,
生,開,三,尤,平,莊,流,颼,0,,
生,開,三,尤,平,莊,流,搜,0,,
生,開,三,尤,平,莊,流,蒐,0,,
章,開,三,尤,平,章,流,州,0,,
章,開,三,尤,平,章,流,洲,0,,
章,開,三,尤,平,章,流,舟,0,,
章,開,三,尤,平,章,流,周,0,,
常,開,三,尤,平,章,流,酬,0,,
書,開,三,尤,平,章,流,收,0,,
日,開,三,尤,平,日,流,柔,0,,
日,開,三,尤,平,日,流,揉,0,,
見,開,三,尤,平,見,流,鳩,0,,
溪,開,三,尤,平,見,流,蚯,0,,
溪,開,三,尤,平,見,流,丘,0,,
溪,開,三,尤,平,見,流,邱,0,,
疑,開,三,尤,平,見,流,牛,0,,
曉,開,三,尤,平,影,流,休,0,,
曉,開,三,尤,平,影,流,咻,1,,一傅眾咻
,,,,,,,咻,1,,噢咻
影,開,三,尤,平,影,流,優,0,,
影,開,三,尤,平,影,流,憂,0,,
云,開,三,尤,平,影,流,疣,0,,
云,開,三,尤,平,影,流,尤,0,,
云,開,三,尤,平,影,流,郵,0,,
以,開,三,尤,平,以,流,遊,0,,
以,開,三,尤,平,以,流,悠,0,,
以,開,三,尤,平,以,流,攸,0,,
以,開,三,尤,平,以,流,游,0,,
以,開,三,尤,平,以,流,猶,0,,
以,開,三,尤,平,以,流,油,0,,
以,開,三,尤,平,以,流,由,0,,
幫,合,三,尤,平,幫,流,不,0,,
並,合,三,尤,平,幫,流,浮,0,,
明,開,三,幽,去,幫,流,繆,1,,繆論
明,合,三,尤,平,幫,流,繆,1,,未雨綢繆
明,合,三,尤,平,幫,流,謀,0,,
明,合,三,尤,平,幫,流,矛,0,,
明,合,三,尤,平,幫,流,牟,0,,
群,開,三,尤,平,見,流,求,0,,
,,,,,,,仇,1,,仇人
群,開,三,尤,平,見,流,仇,1,,仇姓
群,開,三,尤,平,見,流,球,0,,
群,開,三,尤,平,見,流,毬,0,,
娘,開,三,尤,上,知,流,鈕,0,,
娘,開,三,尤,上,知,流,紐,0,,
娘,開,三,尤,上,知,流,扭,0,,
來,開,三,尤,上,來,流,柳,0,,
精,開,三,尤,上,精,流,酒,0,,
知,開,三,尤,上,知,流,肘,0,,
徹,開,三,尤,上,知,流,丑,0,,
澄,開,三,尤,上,知,流,紂,0,,
昌,開,三,尤,上,章,流,醜,0,,
常,開,三,尤,上,章,流,壽,0,,
常,開,三,尤,上,章,流,受,0,,
書,開,三,尤,上,章,流,守,1,,
書,開,三,尤,去,章,流,守,1,,
書,開,三,尤,上,章,流,手,0,,
書,開,三,尤,上,章,流,首,0,,
見,開,三,尤,上,見,流,灸,0,,
見,開,三,尤,上,見,流,九,0,,
見,開,三,尤,上,見,流,韭,0,,
見,開,三,尤,上,見,流,玖,0,,
見,開,三,尤,上,見,流,久,0,,
溪,開,三,尤,上,見,流,糗,0,,
曉,開,三,尤,上,影,流,朽,0,,
云,開,三,尤,上,影,流,有,1,,
,,,,,,,有,1,,
云,開,三,尤,上,影,流,右,0,,
云,開,三,尤,上,影,流,友,0,,
以,開,三,尤,上,以,流,琇,0,,
以,開,三,尤,上,以,流,誘,0,,
以,開,三,尤,上,以,流,酉,0,,
並,合,三,尤,上,幫,流,負,0,,
並,合,三,尤,上,幫,流,婦,0,,
群,開,三,尤,上,見,流,舅,0,,
群,開,三,尤,上,見,流,臼,0,,
來,開,三,尤,去,來,流,溜,0,,
從,開,三,尤,去,精,流,鷲,0,,
從,開,三,尤,去,精,流,就,0,,
心,開,三,尤,去,精,流,繡,0,,
心,開,三,尤,去,精,流,宿,1,,星宿
心,開,三,東,入,精,通,宿,1,,住宿
心,開,三,尤,去,精,流,秀,0,,
邪,開,三,尤,去,精,流,袖,0,,
知,開,三,尤,去,知,流,晝,0,,
徹,開,三,尤,去,知,流,畜,0,,
澄,開,三,尤,去,知,流,冑,0,,
澄,開,三,尤,去,知,流,宙,0,,
莊,開,三,尤,去,莊,流,皺,0,,
崇,開,三,尤,去,莊,流,驟,0,,
生,開,三,尤,去,莊,流,瘦,0,,
生,開,三,尤,去,莊,流,漱,0,,
章,開,三,尤,去,章,流,祝,0,,
昌,開,三,尤,去,章,流,臭,0,,
常,開,三,尤,去,章,流,授,0,,
常,開,三,尤,去,章,流,售,0,,
書,開,三,尤,去,章,流,獸,0,,
書,開,三,尤,去,章,流,狩,0,,
見,開,三,尤,去,見,流,疚,0,,
見,開,三,尤,去,見,流,救,0,,
見,開,三,尤,去,見,流,究,0,,
云,開,三,尤,去,影,流,祐,0,,
云,開,三,尤,去,影,流,佑,0,,
云,開,三,尤,去,影,流,又,0,,
以,開,三,尤,去,以,流,柚,0,,
幫,合,三,尤,去,幫,流,輻,0,,
幫,合,三,尤,去,幫,流,富,0,,
並,合,三,尤,去,幫,流,複,0,,
並,合,三,尤,去,幫,流,復,1,,復原
,,,,,,,復,1,,回復
並,合,三,尤,去,幫,流,伏,0,,
滂,合,三,尤,去,幫,流,覆,0,,
滂,合,三,尤,去,幫,流,副,0,,
群,開,三,尤,去,見,流,舊,0,,
端,開,一,侯,平,端,流,兜,0,,
透,開,一,侯,平,端,流,偷,0,,
定,開,一,侯,平,端,流,投,0,,
定,開,一,侯,平,端,流,頭,0,,
來,開,一,侯,平,來,流,嘍,0,,
來,開,一,侯,平,來,流,髏,0,,
來,開,一,侯,平,來,流,樓,0,,
來,開,一,侯,平,來,流,簍,0,,
見,開,一,侯,平,見,流,溝,0,,
見,開,一,侯,平,見,流,篝,0,,
見,開,一,侯,平,見,流,枸,0,,
見,開,一,侯,平,見,流,鉤,0,,
溪,開,一,侯,平,見,流,夠,0,,
匣,開,一,侯,平,影,流,喉,0,,
匣,開,一,侯,平,影,流,猴,0,,
匣,開,一,侯,平,影,流,侯,0,,
影,開,一,侯,平,影,流,歐,0,,
影,開,一,侯,平,影,流,嘔,1,,嘔啞
影,開,一,侯,上,影,流,嘔,1,,嘔吐
,,,,,,,嘔,1,,嘔氣
影,開,一,侯,平,影,流,謳,0,,
影,開,一,侯,平,影,流,鷗,0,,
端,開,一,侯,上,端,流,斗,0,,
端,開,一,侯,上,端,流,陡,0,,
端,開,一,侯,上,端,流,蚪,0,,
端,開,一,侯,上,端,流,抖,0,,
精,開,一,侯,上,精,流,走,0,,
清,開,一,侯,上,精,流,趣,0,,
心,開,一,侯,上,精,流,擻,1,,抖擻
,,,,,,,擻,1,,擻火
心,開,一,侯,上,精,流,叟,0,,
見,開,一,侯,上,見,流,垢,0,,
見,開,一,侯,上,見,流,苟,0,,
見,開,一,侯,上,見,流,狗,0,,
溪,開,一,侯,上,見,流,口,0,,
溪,開,一,侯,上,見,流,叩,0,,
溪,開,一,侯,上,見,流,扣,0,,
疑,開,一,侯,上,見,流,藕,0,,
疑,開,一,侯,上,見,流,偶,0,,
曉,開,一,侯,上,影,流,吼,0,,
匣,開,一,侯,上,影,流,後,0,,
匣,開,一,侯,上,影,流,厚,0,,
匣,開,一,侯,上,影,流,后,0,,
明,開,一,侯,上,幫,流,某,0,,
明,開,一,侯,上,幫,流,牡,0,,
明,開,一,侯,上,幫,流,畝,0,,
明,開,一,侯,上,幫,流,拇,0,,
明,開,一,侯,上,幫,流,母,0,,
端,開,一,侯,去,端,流,鬥,0,,
透,開,一,侯,去,端,流,透,0,,
定,開,一,侯,去,端,流,豆,0,,
定,開,一,侯,去,端,流,竇,0,,
定,開,一,侯,去,端,流,荳,0,,
來,開,一,侯,去,來,流,陋,0,,
來,開,一,侯,去,來,流,漏,0,,
精,開,一,侯,去,精,流,奏,0,,
清,開,一,侯,去,精,流,湊,0,,
心,開,一,侯,去,精,流,嗽,0,,
見,開,一,侯,去,見,流,搆,0,,
見,開,一,侯,去,見,流,構,0,,
見,開,一,侯,去,見,流,購,0,,
溪,開,一,侯,去,見,流,寇,0,,
曉,開,一,侯,去,影,流,蔻,0,,
匣,開,一,侯,去,影,流,逅,0,,
匣,開,一,侯,去,影,流,候,0,,
明,開,一,侯,去,幫,流,姆,0,,
明,開,一,侯,去,幫,流,茂,0,,
明,開,一,侯,去,幫,流,貿,0,,
明,開,一,侯,去,幫,流,戊,0,,
影,開,三,幽,平,影,流,幽,0,,
幫,開,三,幽,平,幫,流,彪,0,,
見,開,三,幽,上,見,流,糾,0,,
見,開,三,幽,上,見,流,赳,0,,
影,開,三,幽,去,影,流,幼,0,,
明,開,三,幽,去,幫,流,謬,0,,
來,開,三,侵A,平,來,深,淋,0,,
來,開,三,侵A,平,來,深,琳,0,,
來,開,三,侵A,平,來,深,臨,0,,
來,開,三,侵A,平,來,深,霖,0,,
來,開,三,侵A,平,來,深,林,0,,
清,開,三,侵A,平,精,深,浸,0,,
清,開,三,侵A,平,精,深,侵,0,,
心,開,三,侵A,平,精,深,心,0,,
邪,開,三,侵A,平,精,深,尋,0,,
章,開,三,侵A,平,章,深,針,0,,
章,開,三,侵A,平,章,深,斟,0,,
常,開,三,侵A,平,章,深,忱,0,,
書,開,三,侵A,平,章,深,深,0,,
日,開,三,侵A,去,日,深,任,1,,信任
日,開,三,侵A,平,日,深,任,1,,任姓
日,開,三,侵A,平,日,深,壬,0,,
以,開,三,侵A,平,以,深,淫,0,,
,,,,,,,撢,0,,雞毛撢子
以,開,三,侵A,平,以,深,霪,0,,
清,開,三,侵A,上,精,深,寢,0,,
常,開,三,侵A,上,章,深,甚,0,,
書,開,三,侵A,上,章,深,審,0,,
船,開,三,侵A,上,章,深,葚,0,,
日,開,三,侵A,上,日,深,飪,0,,
日,開,三,侵A,上,日,深,稔,0,,
清,開,三,侵A,去,精,深,沁,0,,
來,開,三,侵A,入,來,深,笠,0,,
來,開,三,侵A,入,來,深,粒,0,,
來,開,三,侵A,入,來,深,立,0,,
清,開,三,侵A,入,精,深,緝,0,,
從,開,三,侵A,入,精,深,集,0,,
從,開,三,侵A,入,精,深,輯,0,,
邪,開,三,侵A,入,精,深,襲,0,,
邪,開,三,侵A,入,精,深,習,0,,
章,開,三,侵A,入,章,深,汁,0,,
章,開,三,侵A,入,章,深,執,0,,
常,開,三,侵A,入,章,深,什,1,,什錦
,,,,,,,什,1,,什麼
常,開,三,侵A,入,章,深,十,0,,
常,開,三,侵A,入,章,深,拾,0,,
邪,開,三,侵A,入,精,深,褶,1,,皺褶
定,開,四,添,入,端,咸,褶,1,,夾衣
書,開,三,侵A,入,章,深,溼,0,,
書,開,三,侵A,入,章,深,濕,0,,
日,開,三,侵A,入,日,深,入,0,,
日,開,三,侵A,入,日,深,廿,0,,
影,開,三,侵A,入,影,深,揖,0,,
澄,開,三,侵B,平,知,深,湛,0,,
澄,開,三,侵B,平,知,深,沉,0,,
澄,開,三,侵B,平,知,深,沈,0,,
章,開,三,侵A,上,章,深,枕,1,,枕頭
章,開,三,侵A,去,章,深,枕,1,,枕戈待旦
崇,開,三,侵B,平,莊,深,涔,0,,
生,開,三,侵B,平,莊,深,森,0,,
生,開,三,侵B,平,莊,深,參,1,,人參
清,開,一,覃,平,精,咸,參,1,,參加
初,開,三,侵B,平,莊,深,參,1,,參差
心,開,一,談,平,精,咸,參,1,,三的大寫
見,開,三,侵B,平,見,深,金,0,,
見,開,三,侵B,平,見,深,襟,0,,
見,開,三,侵B,平,見,深,今,0,,
見,開,三,侵B,去,見,深,禁,1,,禁止
見,開,三,侵B,平,見,深,禁,1,,禁著
溪,開,三,侵B,平,見,深,欽,0,,
疑,開,三,侵B,平,見,深,吟,0,,
影,開,三,侵B,平,影,深,陰,0,,
影,開,三,侵B,平,影,深,瘖,0,,
影,開,三,侵B,平,影,深,音,0,,
群,開,三,侵B,平,見,深,擒,0,,
群,開,三,侵B,平,見,深,琴,0,,
群,開,三,侵B,平,見,深,凜,0,,
群,開,三,侵B,平,見,深,禽,0,,
澄,開,三,侵B,上,知,深,朕,0,,
見,開,三,侵B,上,見,深,錦,0,,
影,開,三,侵B,上,影,深,飲,1,,飲水
影,開,三,侵B,去,影,深,飲,1,,飲馬
幫,開,三,侵B,上,幫,深,稟,0,,
滂,開,三,侵B,上,幫,深,品,0,,
徹,開,三,侵B,去,知,深,闖,0,,
生,開,三,侵B,去,莊,深,滲,0,,
影,開,三,侵B,去,影,深,蔭,0,,
澄,開,三,侵B,入,知,深,蟄,0,,
生,開,三,侵B,入,莊,深,澀,0,,
見,開,三,侵B,入,見,深,汲,0,,
見,開,三,侵B,入,見,深,急,0,,
見,開,三,侵B,入,見,深,給,0,,
見,開,三,侵B,入,見,深,級,0,,
溪,開,三,侵B,入,見,深,泣,0,,
疑,開,三,侵B,入,見,深,岌,0,,
曉,開,三,侵B,入,影,深,吸,0,,
影,開,三,侵B,入,影,深,邑,0,,
群,開,三,侵B,入,見,深,苙,0,,
群,開,三,侵B,入,見,深,及,0,,
端,開,一,談,平,端,咸,擔,1,,擔水
端,開,一,談,去,端,咸,擔,1,,重擔
定,開,一,談,上,端,咸,淡,1,,冷淡
定,開,一,談,上,端,咸,淡,1,,白讀
定,開,一,談,平,端,咸,談,0,,
定,開,一,談,平,端,咸,痰,0,,
定,開,一,談,平,端,咸,澹,0,,
來,開,一,談,平,來,咸,藍,0,,
來,開,一,談,平,來,咸,籃,0,,
從,開,一,談,平,精,咸,慚,0,,
心,開,一,談,平,精,咸,三,0,,
見,開,一,談,平,見,咸,柑,0,,
見,開,一,談,平,見,咸,甘,0,,
曉,開,一,談,平,影,咸,憨,0,,
匣,開,一,談,平,影,咸,酣,0,,
端,開,一,談,上,端,咸,膽,0,,
透,開,一,談,上,端,咸,毯,0,,
來,開,一,談,上,來,咸,攬,0,,
來,開,一,談,上,來,咸,覽,0,,
來,開,一,談,上,來,咸,欖,0,,
見,開,一,談,上,見,咸,橄,0,,
見,開,一,談,上,見,咸,敢,0,,
曉,開,一,談,上,影,咸,喊,0,,
從,開,一,談,去,精,咸,暫,0,,
溪,開,一,談,去,見,咸,瞰,0,,
透,開,一,談,入,端,咸,榻,0,,
透,開,一,談,入,端,咸,搭,0,,
透,開,一,談,入,端,咸,塔,0,,
定,開,一,談,入,端,咸,蹋,0,,
來,開,一,談,入,來,咸,臘,0,,
來,開,一,談,入,來,咸,蠟,0,,
見,開,一,談,入,見,咸,砝,0,,
見,開,一,談,入,見,咸,閘,0,,
匣,開,一,談,入,影,咸,嗑,0,,
匣,開,一,談,入,影,咸,闔,0,,
疑,開,三,嚴,平,見,咸,嚴,0,,
疑,開,三,嚴,上,見,咸,儼,0,,
溪,開,三,嚴,去,見,咸,欠,0,,
曉,開,三,嚴,去,影,咸,脅,0,,
見,開,三,嚴,入,見,咸,劫,0,,
溪,開,三,嚴,入,見,咸,怯,0,,
疑,開,三,嚴,入,見,咸,業,0,,
並,合,三,凡,平,幫,咸,帆,0,,
並,合,三,凡,平,幫,咸,凡,0,,
滂,合,三,凡,去,幫,咸,氾,1,,氾濫
並,合,三,凡,平,幫,咸,氾,1,,氾姓
並,合,三,凡,上,幫,咸,犯,0,,
並,合,三,凡,上,幫,咸,範,0,,
並,合,三,凡,上,幫,咸,范,0,,
滂,合,三,凡,去,幫,咸,泛,0,,
幫,合,三,凡,入,幫,咸,法,0,,
並,合,三,凡,入,幫,咸,乏,0,,
生,開,二,銜,平,莊,咸,衫,0,,
見,開,二,銜,平,見,咸,監,1,,監獄
見,開,二,銜,去,見,咸,監,1,,太監
見,開,二,銜,平,見,咸,鑑,0,,
見,開,二,銜,去,見,咸,鑒,0,,
溪,開,二,銜,平,見,咸,嵌,0,,
疑,開,二,銜,平,見,咸,巖,0,,
匣,開,二,銜,平,影,咸,銜,0,,
匣,開,二,銜,上,影,咸,艦,0,,
匣,開,二,銜,上,影,咸,檻,1,,牛檻
,,,,,,,檻,1,,門檻
匣,開,二,銜,上,影,咸,濫,0,,
見,開,二,銜,入,見,咸,甲,0,,
匣,開,二,銜,入,影,咸,匣,0,,
影,開,二,銜,入,影,咸,鴨,0,,
影,開,二,銜,入,影,咸,壓,0,,
影,開,二,銜,入,影,咸,押,0,,
娘,開,二,咸,平,知,咸,喃,0,,
崇,開,二,咸,平,莊,咸,攙,0,,
崇,開,二,咸,平,莊,咸,饞,0,,
生,開,二,咸,平,莊,咸,杉,0,,
生,開,二,咸,平,莊,咸,摻,0,,
見,開,二,咸,平,見,咸,緘,0,,
匣,開,二,咸,平,影,咸,鹹,0,,
匣,開,二,咸,平,影,咸,咸,0,,
影,開,二,咸,平,影,咸,黯,0,,
莊,開,二,咸,上,莊,咸,斬,0,,
匣,開,二,咸,上,影,咸,減,0,,
知,開,二,咸,去,知,咸,站,0,,
莊,開,二,咸,去,莊,咸,蘸,0,,
匣,開,二,咸,去,影,咸,陷,0,,
莊,開,二,咸,入,莊,咸,眨,0,,
初,開,二,咸,入,莊,咸,插,0,,
見,開,二,咸,入,見,咸,夾,0,,
溪,開,二,咸,入,見,咸,掐,0,,
溪,開,二,咸,入,見,咸,恰,0,,
匣,開,二,咸,入,影,咸,洽,0,,
匣,開,二,咸,入,影,咸,峽,0,,
匣,開,二,咸,入,影,咸,狹,0,,
影,開,二,咸,入,影,咸,凹,0,,
來,開,三,鹽A,平,來,咸,廉,0,,
來,開,三,鹽A,平,來,咸,鐮,0,,
來,開,三,鹽A,平,來,咸,簾,0,,
精,開,三,鹽A,平,精,咸,尖,0,,
從,開,三,鹽A,上,精,咸,漸,1,,逐漸
精,開,三,鹽A,平,精,咸,漸,1,,漸車帷裳
清,開,三,鹽A,平,精,咸,鹼,0,,
清,開,三,鹽A,平,精,咸,臉,0,,
清,開,三,鹽A,平,精,咸,籤,0,,
從,開,三,鹽A,平,精,咸,潛,0,,
心,開,三,鹽A,平,精,咸,纖,0,,
章,開,三,鹽A,平,章,咸,詹,0,,
章,開,三,鹽A,平,章,咸,瞻,0,,
章,開,三,鹽A,平,章,咸,蟾,0,,
章,開,三,鹽A,平,章,咸,占,1,,占卜
章,開,三,鹽A,去,章,咸,占,1,,占領
日,開,三,鹽A,平,日,咸,冉,0,,
以,開,三,鹽A,平,以,咸,鹽,0,,
以,開,三,鹽A,平,以,咸,閻,0,,
以,開,三,鹽A,平,以,咸,簷,0,,
來,開,三,鹽A,上,來,咸,撿,0,,
來,開,三,鹽A,上,來,咸,斂,0,,
書,開,三,鹽A,上,章,咸,陝,0,,
書,開,三,鹽A,上,章,咸,閃,0,,
日,開,三,鹽A,上,日,咸,染,0,,
影,開,三,鹽A,上,影,咸,厭,0,,
以,開,三,鹽A,上,以,咸,燄,0,,
來,開,三,鹽A,去,來,咸,殮,0,,
清,開,三,鹽A,去,精,咸,塹,0,,
以,開,三,鹽A,去,以,咸,焰,0,,
以,開,三,鹽A,去,以,咸,豔,0,,
來,開,三,鹽A,入,來,咸,獵,0,,
精,開,三,鹽A,入,精,咸,接,0,,
精,開,三,鹽A,入,精,咸,睫,0,,
清,開,三,鹽A,入,精,咸,妾,0,,
從,開,三,鹽A,入,精,咸,捷,0,,
章,開,三,鹽A,入,章,咸,懾,0,,
常,開,三,鹽A,入,章,咸,涉,0,,
書,開,三,鹽A,入,章,咸,攝,0,,
日,開,三,鹽A,入,日,咸,囁,0,,
影,開,三,鹽A,入,影,咸,靨,0,,
以,開,三,鹽A,入,以,咸,葉,0,,
娘,開,三,鹽B,平,知,咸,粘,0,,
娘,開,三,鹽B,平,知,咸,黏,0,,
知,開,三,鹽B,平,知,咸,沾,0,,
影,開,三,鹽B,平,影,咸,淹,0,,
影,開,三,鹽B,平,影,咸,醃,0,,
云,開,三,鹽B,平,影,咸,炎,0,,
群,開,三,鹽B,平,見,咸,拑,0,,
群,開,三,鹽B,平,見,咸,鉗,0,,
徹,開,三,鹽B,上,知,咸,諂,0,,
見,開,三,鹽B,上,見,咸,檢,0,,
見,開,三,鹽B,上,見,咸,瞼,0,,
疑,開,三,鹽B,上,見,咸,广,0,,
曉,開,三,鹽B,上,影,咸,險,0,,
影,開,三,鹽B,上,影,咸,掩,0,,
,,,,,,,奄,1,,奄奄一息
影,開,三,鹽B,上,影,咸,奄,1,,奄有
幫,開,三,鹽B,上,幫,咸,貶,0,,
群,開,三,鹽B,上,見,咸,儉,0,,
群,開,三,鹽B,上,見,咸,芡,0,,
疑,開,三,鹽B,去,見,咸,驗,0,,
影,開,三,鹽B,去,影,咸,俺,0,,
娘,開,三,鹽B,入,知,咸,躡,0,,
娘,開,三,鹽B,入,知,咸,聶,0,,
知,開,三,鹽B,入,知,咸,輒,0,,
生,開,三,鹽B,入,莊,咸,霎,0,,
端,開,四,添,平,端,咸,佔,0,,
透,開,四,添,平,端,咸,添,0,,
定,開,四,添,平,端,咸,恬,0,,
定,開,四,添,平,端,咸,甜,0,,
泥,開,四,添,平,端,咸,拈,1,,拈花惹草
,,,,,,,拈,1,,拈線
見,開,四,添,平,見,咸,兼,0,,
溪,開,四,添,平,見,咸,謙,0,,
匣,開,四,添,平,影,咸,嫌,0,,
端,開,四,添,上,端,咸,玷,0,,
端,開,四,添,上,端,咸,點,0,,
溪,開,四,添,上,見,咸,歉,0,,
端,開,四,添,去,端,咸,店,0,,
端,開,四,添,去,端,咸,墊,0,,
泥,開,四,添,去,端,咸,念,0,,
透,開,四,添,入,端,咸,帖,0,,
透,開,四,添,入,端,咸,蝶,0,,
透,開,四,添,入,端,咸,貼,0,,
定,開,四,添,入,端,咸,疊,0,,
定,開,四,添,入,端,咸,喋,0,,
精,開,四,添,入,精,咸,浹,0,,
見,開,四,添,入,見,咸,頰,0,,
見,開,四,添,入,見,咸,莢,0,,
溪,開,四,添,入,見,咸,愜,0,,
匣,開,四,添,入,影,咸,挾,0,,
匣,開,四,添,入,影,咸,俠,0,,
匣,開,四,添,入,影,咸,協,0,,
端,開,一,覃,平,端,咸,耽,0,,
透,開,一,覃,平,端,咸,探,0,,
透,開,一,覃,平,端,咸,貪,0,,
定,開,一,覃,平,端,咸,譚,0,,
定,開,一,覃,平,端,咸,眈,0,,
定,開,一,覃,平,端,咸,潭,0,,
泥,開,一,覃,平,端,咸,南,0,,
泥,開,一,覃,平,端,咸,楠,0,,
泥,開,一,覃,平,端,咸,男,0,,
來,開,一,覃,平,來,咸,嵐,0,,
來,開,一,覃,平,來,咸,婪,0,,
從,開,一,覃,平,精,咸,蠶,0,,
見,開,一,覃,平,見,咸,弇,0,,
溪,開,一,覃,平,見,咸,堪,0,,
溪,開,一,覃,平,見,咸,龕,0,,
匣,開,一,覃,平,影,咸,函,0,,
匣,開,一,覃,平,影,咸,涵,0,,
匣,開,一,覃,平,影,咸,含,0,,
影,開,一,覃,平,影,咸,庵,0,,
影,開,一,覃,平,影,咸,諳,0,,
來,開,一,覃,上,來,咸,纜,0,,
清,開,一,覃,上,精,咸,慘,0,,
見,開,一,覃,上,見,咸,感,0,,
溪,開,一,覃,上,見,咸,坎,0,,
匣,開,一,覃,上,影,咸,撼,0,,
溪,開,一,覃,去,見,咸,勘,0,,
匣,開,一,覃,去,影,咸,憾,0,,
影,開,一,覃,去,影,咸,暗,0,,
端,開,一,覃,入,端,咸,答,0,,
透,開,一,覃,入,端,咸,踏,0,,
定,開,一,覃,入,端,咸,沓,0,,
泥,開,一,覃,入,端,咸,納,0,,
來,開,一,覃,入,來,咸,摺,0,,
來,開,一,覃,入,來,咸,拉,0,,
從,開,一,覃,入,精,咸,雜,0,,
心,開,一,覃,入,精,咸,卅,0,,
見,開,一,覃,入,見,咸,鴿,0,,
,,,,,,,閤,1,,閤眼
,,,,,,,閤,1,,閤樓
見,開,一,覃,入,見,咸,閤,1,,邊門
見,開,一,覃,入,見,咸,蛤,1,,圓蛤
,,,,,,,蛤,1,,蛤蟆
疑,開,一,覃,入,見,咸,哈,0,,
匣,開,一,覃,入,影,咸,盒,0,,
匣,開,一,覃,入,影,咸,合,1,,合格
見,開,一,覃,入,見,咸,合,1,,容量單位
-,-,-,-,-,-,-,圇,0,,
-,-,-,-,-,-,-,圾,0,,
-,-,-,-,-,-,-,歹,0,,
-,-,-,-,-,-,-,圳,0,,
-,-,-,-,-,-,-,劍,0,,
-,-,-,-,-,-,-,享,0,,
-,-,-,-,-,-,-,踩,0,,
-,-,-,-,-,-,-,踮,0,,
-,-,-,-,-,-,-,螂,0,,
-,-,-,-,-,-,-,踴,0,,
-,-,-,-,-,-,-,鴕,0,,
-,-,-,-,-,-,-,糕,0,,
-,-,-,-,-,-,-,柿,0,,
-,-,-,-,-,-,-,糬,0,,
-,-,-,-,-,-,-,糯,0,,
-,-,-,-,-,-,-,妞,0,,
-,-,-,-,-,-,-,焙,0,,
-,-,-,-,-,-,-,妳,0,,
-,-,-,-,-,-,-,妮,0,,
-,-,-,-,-,-,-,歪,0,,
-,-,-,-,-,-,-,疤,0,,
-,-,-,-,-,-,-,污,0,,
-,-,-,-,-,-,-,汽,0,,
-,-,-,-,-,-,-,粑,0,,
-,-,-,-,-,-,-,桕,0,,
-,-,-,-,-,-,-,棕,0,,
-,-,-,-,-,-,-,撇,0,,
-,-,-,-,-,-,-,撒,0,,
-,-,-,-,-,-,-,撐,0,,
-,-,-,-,-,-,-,囫,0,,
-,-,-,-,-,-,-,囡,0,,
-,-,-,-,-,-,-,砸,0,,
-,-,-,-,-,-,-,砲,0,,
-,-,-,-,-,-,-,饈,0,,
-,-,-,-,-,-,-,掙,1,,掙脫
,,,,,,,掙,1,,掙錢
-,-,-,-,-,-,-,砍,0,,
-,-,-,-,-,-,-,聯,0,,
-,-,-,-,-,-,-,棋,0,,
-,-,-,-,-,-,-,蹦,0,,
-,-,-,-,-,-,-,週,0,,
-,-,-,-,-,-,-,她,0,,
-,-,-,-,-,-,-,奶,0,,
-,-,-,-,-,-,-,剷,0,,
-,-,-,-,-,-,-,闆,0,,
-,-,-,-,-,-,-,剎,0,,
-,-,-,-,-,-,-,磁,0,,
-,-,-,-,-,-,-,骷,0,,
-,-,-,-,-,-,-,嘩,0,,
-,-,-,-,-,-,-,磚,0,,
-,-,-,-,-,-,-,躲,0,,
-,-,-,-,-,-,-,磺,0,,
-,-,-,-,-,-,-,躺,0,,
-,-,-,-,-,-,-,罕,0,,
-,-,-,-,-,-,-,耙,0,,
-,-,-,-,-,-,-,嘴,0,,
-,-,-,-,-,-,-,瑪,0,,
-,-,-,-,-,-,-,間,1,,空間
,,,,,,,間,1,,間接
-,-,-,-,-,-,-,籽,0,,
-,-,-,-,-,-,-,瑙,0,,
-,-,-,-,-,-,-,啤,0,,
-,-,-,-,-,-,-,餃,0,,
-,-,-,-,-,-,-,揪,0,,
-,-,-,-,-,-,-,餵,0,,
-,-,-,-,-,-,-,揍,0,,
-,-,-,-,-,-,-,餡,0,,
-,-,-,-,-,-,-,淌,0,,
-,-,-,-,-,-,-,嶄,0,,
-,-,-,-,-,-,-,淘,0,,
-,-,-,-,-,-,-,釉,0,,
-,-,-,-,-,-,-,擤,0,,
-,-,-,-,-,-,-,擦,0,,
-,-,-,-,-,-,-,嚕,0,,
-,-,-,-,-,-,-,嚐,0,,
-,-,-,-,-,-,-,擱,0,,
-,-,-,-,-,-,-,嚎,0,,
-,-,-,-,-,-,-,擂,0,,
-,-,-,-,-,-,-,桿,0,,
-,-,-,-,-,-,-,胸,0,,
-,-,-,-,-,-,-,刨,0,,
-,-,-,-,-,-,-,胚,0,,
-,-,-,-,-,-,-,挖,0,,
-,-,-,-,-,-,-,碗,0,,
-,-,-,-,-,-,-,碟,0,,
-,-,-,-,-,-,-,碘,0,,
-,-,-,-,-,-,-,碳,0,,
-,-,-,-,-,-,-,碰,0,,
-,-,-,-,-,-,-,觔,0,,
-,-,-,-,-,-,-,熔,0,,
-,-,-,-,-,-,-,颳,0,,
-,-,-,-,-,-,-,琉,0,,
-,-,-,-,-,-,-,嗖,0,,
-,-,-,-,-,-,-,榕,0,,
-,-,-,-,-,-,-,缽,0,,
-,-,-,-,-,-,-,您,0,,
-,-,-,-,-,-,-,搧,0,,
-,-,-,-,-,-,-,搬,0,,
-,-,-,-,-,-,-,噹,0,,
-,-,-,-,-,-,-,噸,0,,
-,-,-,-,-,-,-,搗,0,,
-,-,-,-,-,-,-,跺,0,,
-,-,-,-,-,-,-,褂,0,,
-,-,-,-,-,-,-,搞,0,,
-,-,-,-,-,-,-,舔,0,,
-,-,-,-,-,-,-,鞍,0,,
-,-,-,-,-,-,-,捱,0,,
-,-,-,-,-,-,-,捆,0,,
-,-,-,-,-,-,-,癱,0,,
-,-,-,-,-,-,-,灶,0,,
-,-,-,-,-,-,-,峰,0,,
-,-,-,-,-,-,-,壟,0,,
-,-,-,-,-,-,-,肇,0,,
-,-,-,-,-,-,-,摹,0,,
-,-,-,-,-,-,-,嘀,0,,
-,-,-,-,-,-,-,摀,0,,
-,-,-,-,-,-,-,嘟,0,,
-,-,-,-,-,-,-,嘛,0,,喇嘛
-,-,-,-,-,-,-,摔,0,,
-,-,-,-,-,-,-,腺,0,,
-,-,-,-,-,-,-,槓,0,,
-,-,-,-,-,-,-,輛,0,,
-,-,-,-,-,-,-,騙,0,,
-,-,-,-,-,-,-,筷,0,,
-,-,-,-,-,-,-,惦,0,,
-,-,-,-,-,-,-,霉,0,,
-,-,-,-,-,-,-,瀟,0,,
-,-,-,-,-,-,-,瀕,0,,
-,-,-,-,-,-,-,籐,0,,
-,-,-,-,-,-,-,鋁,0,,
-,-,-,-,-,-,-,錶,0,,
-,-,-,-,-,-,-,崑,0,,
-,-,-,-,-,-,-,崙,0,,
-,-,-,-,-,-,-,崁,0,,
-,-,-,-,-,-,-,簑,0,,
-,-,-,-,-,-,-,群,0,,
-,-,-,-,-,-,-,怎,0,,
-,-,-,-,-,-,-,嗨,0,,
-,-,-,-,-,-,-,嗯,0,,
-,-,-,-,-,-,-,嗡,0,,
-,-,-,-,-,-,-,嗦,0,,
-,-,-,-,-,-,-,嗶,0,,
-,-,-,-,-,-,-,嗎,1,,助詞
,,,,,,,嗎,1,,嗎啡
-,-,-,-,-,-,-,嗆,1,,食急氣逆
,,,,,,,嗆,1,,嗆鼻
-,-,-,-,-,-,-,嗅,0,,
-,-,-,-,-,-,-,齣,0,,
-,-,-,-,-,-,-,嗓,0,,
-,-,-,-,-,-,-,獗,0,,
-,-,-,-,-,-,-,峇,0,,
-,-,-,-,-,-,-,鱷,0,,
-,-,-,-,-,-,-,舺,0,,
-,-,-,-,-,-,-,溯,0,,
-,-,-,-,-,-,-,峪,0,,
-,-,-,-,-,-,-,塭,0,,
-,-,-,-,-,-,-,烤,0,,
-,-,-,-,-,-,-,烯,0,,
-,-,-,-,-,-,-,烷,0,,
-,-,-,-,-,-,-,烹,0,,
-,-,-,-,-,-,-,塌,0,,
-,-,-,-,-,-,-,膛,0,,
-,-,-,-,-,-,-,篛,0,,
-,-,-,-,-,-,-,辣,0,,
-,-,-,-,-,-,-,匆,0,,
-,-,-,-,-,-,-,睬,0,,
-,-,-,-,-,-,-,銲,0,,
-,-,-,-,-,-,-,睏,0,,
-,-,-,-,-,-,-,謊,0,,
-,-,-,-,-,-,-,裡,0,,
來,開,三,之,上,來,止,裏,0,,
-,-,-,-,-,-,-,儘,1,,儘管
,,,,,,,儘,1,,儘量
-,-,-,-,-,-,-,岔,0,,
-,-,-,-,-,-,-,滾,0,,
-,-,-,-,-,-,-,岩,0,,
-,-,-,-,-,-,-,喲,0,,
-,-,-,-,-,-,-,喳,0,,
-,-,-,-,-,-,-,喂,0,,
-,-,-,-,-,-,-,喇,1,,喇嘛
,,,,,,,喇,1,,喇叭
-,-,-,-,-,-,-,臟,0,,
-,-,-,-,-,-,-,罈,0,,
-,-,-,-,-,-,-,迤,1,,斜行延伸
,,,,,,,迤,1,,逶迤
-,-,-,-,-,-,-,蛋,0,,
-,-,-,-,-,-,-,僱,0,,
-,-,-,-,-,-,-,魂,0,,
-,-,-,-,-,-,-,魷,0,,
-,-,-,-,-,-,-,啦,0,,
-,-,-,-,-,-,-,啊,0,,
-,-,-,-,-,-,-,啃,0,,
-,-,-,-,-,-,-,啟,0,,
溪,開,四,齊,上,見,蟹,啓,0,,
-,-,-,-,-,-,-,矽,0,,
-,-,-,-,-,-,-,鈾,0,,
-,-,-,-,-,-,-,孢,0,,
-,-,-,-,-,-,-,蹧,0,,
-,-,-,-,-,-,-,屜,0,,
-,-,-,-,-,-,-,忑,0,,
-,-,-,-,-,-,-,忐,0,,
-,-,-,-,-,-,-,唷,0,,
-,-,-,-,-,-,-,唔,0,,
-,-,-,-,-,-,-,蝴,0,,
-,-,-,-,-,-,-,鬍,0,,
-,-,-,-,-,-,-,懂,0,,
-,-,-,-,-,-,-,鏽,0,,
-,-,-,-,-,-,-,糰,0,,
-,-,-,-,-,-,-,傢,0,,
-,-,-,-,-,-,-,伙,0,,
-,-,-,-,-,-,-,櫥,0,,
-,-,-,-,-,-,-,湧,0,,
-,-,-,-,-,-,-,燙,0,,
-,-,-,-,-,-,-,尷,0,,
-,-,-,-,-,-,-,愣,0,,
-,-,-,-,-,-,-,哼,1,,哼歌
,,,,,,,哼,1,,感歎詞
-,-,-,-,-,-,-,哪,1,,哪裡
,,,,,,,哪,1,,天哪
,,,,,,,哪,1,,哪吒
-,-,-,-,-,-,-,哩,1,,英哩
,,,,,,,哩,1,,哩嚕
-,-,-,-,-,-,-,勾,1,,勾劃
,,,,,,,勾,1,,勾當
-,-,-,-,-,-,-,哞,0,,
-,-,-,-,-,-,-,瞄,0,,
-,-,-,-,-,-,-,瞌,0,,
-,-,-,-,-,-,-,瞧,0,,
-,-,-,-,-,-,-,靛,0,,
-,-,-,-,-,-,-,嬤,0,,
-,-,-,-,-,-,-,耍,0,,
-,-,-,-,-,-,-,稿,0,,
-,-,-,-,-,-,-,另,0,,
-,-,-,-,-,-,-,叭,0,,
-,-,-,-,-,-,-,茉,0,,
-,-,-,-,-,-,-,叼,0,,
-,-,-,-,-,-,-,覷,0,,
-,-,-,-,-,-,-,茼,0,,
-,-,-,-,-,-,-,茲,1,,在茲
,,,,,,,茲,1,,龜茲，國名
-,-,-,-,-,-,-,螞,1,,螞蟻
,,,,,,,螞,1,,螞蚱
,,,,,,,螞,1,,螞螂
-,-,-,-,-,-,-,艙,0,,
-,-,-,-,-,-,-,你,0,,
-,-,-,-,-,-,-,佣,0,,
-,-,-,-,-,-,-,樣,0,,
疑,合,三,支B,去,見,止,僞,0,,
-,-,-,-,-,-,-,票,0,,
-,-,-,-,-,-,-,祂,0,,
-,-,-,-,-,-,-,颱,0,,
-,-,-,-,-,-,-,嘿,1,,嘿嘿
,,,,,,,嘿,1,,通「默」
-,-,-,-,-,-,-,燜,0,,
-,-,-,-,-,-,-,褲,0,,
-,-,-,-,-,-,-,癌,0,,
-,-,-,-,-,-,-,癒,0,,
-,-,-,-,-,-,-,蠕,0,,
-,-,-,-,-,-,-,蠔,0,,
-,-,-,-,-,-,-,嫦,0,,
-,-,-,-,-,-,-,嫻,0,,
-,-,-,-,-,-,-,倆,0,,
-,-,-,-,-,-,-,橛,1,,木橛子
-,-,-,-,-,-,-,橛,1,,兩橛
-,-,-,-,-,-,-,倘,0,,
-,-,-,-,-,-,-,們,0,,
-,-,-,-,-,-,-,濾,0,,
-,-,-,-,-,-,-,厘,0,,
-,-,-,-,-,-,-,咱,0,,
-,-,-,-,-,-,-,咯,1,,助詞
,,,,,,,咯,1,,咯咯笑
,,,,,,,咯,1,,咯血
-,-,-,-,-,-,-,咩,0,,
-,-,-,-,-,-,-,咪,0,,
-,-,-,-,-,-,-,咕,0,,
-,-,-,-,-,-,-,咖,0,,
-,-,-,-,-,-,-,咐,0,,
-,-,-,-,-,-,-,咒,0,,
-,-,-,-,-,-,-,咚,0,,
-,-,-,-,-,-,-,喵,0,,
-,-,-,-,-,-,-,緡,0,,
-,-,-,-,-,-,-,癮,0,,
-,-,-,-,-,-,-,瘋,0,,
-,-,-,-,-,-,-,腮,0,,
-,-,-,-,-,-,-,簽,0,,
-,-,-,-,-,-,-,嚷,0,,
-,-,-,-,-,-,-,媳,0,,
-,-,-,-,-,-,-,賠,0,,
-,-,-,-,-,-,-,窗,0,,
-,-,-,-,-,-,-,賬,0,,
-,-,-,-,-,-,-,賺,0,,
-,-,-,-,-,-,-,做,0,,
-,-,-,-,-,-,-,窩,0,,
-,-,-,-,-,-,-,俐,0,,
-,-,-,-,-,-,-,玫,0,,
-,-,-,-,-,-,-,鍘,0,,
-,-,-,-,-,-,-,綁,0,,
-,-,-,-,-,-,-,綑,0,,
-,-,-,-,-,-,-,埕,0,,
-,-,-,-,-,-,-,埔,0,,
-,-,-,-,-,-,-,殼,0,,
-,-,-,-,-,-,-,埡,0,,
-,-,-,-,-,-,-,埠,1,,商埠，外埠
-,-,-,-,-,-,-,埠,1,,船埠，埠頭
-,-,-,-,-,-,-,抬,0,,
-,-,-,-,-,-,-,礁,0,,
-,-,-,-,-,-,-,啪,0,,
-,-,-,-,-,-,-,呃,0,,
-,-,-,-,-,-,-,呆,0,,
-,-,-,-,-,-,-,錨,0,,
-,-,-,-,-,-,-,婷,0,,
-,-,-,-,-,-,-,婿,0,,
-,-,-,-,-,-,-,袱,0,,
-,-,-,-,-,-,-,漩,0,,
-,-,-,-,-,-,-,卡,0,,
-,-,-,-,-,-,-,鷥,0,,
-,-,-,-,-,-,-,牠,0,,
-,-,-,-,-,-,-,吩,0,,
-,-,-,-,-,-,-,瞇,0,,
-,-,-,-,-,-,-,吔,0,,
-,-,-,-,-,-,-,吊,0,,
-,-,-,-,-,-,-,吆,0,,
-,-,-,-,-,-,-,晌,0,,
-,-,-,-,-,-,-,晒,0,,
-,-,-,-,-,-,-,壩,0,,
-,-,-,-,-,-,-,晰,0,,
-,-,-,-,-,-,-,晾,0,,
-,-,-,-,-,-,-,拿,0,,
-,-,-,-,-,-,-,拷,0,,
-,-,-,-,-,-,-,秘,0,,
-,-,-,-,-,-,-,拆,0,,
-,-,-,-,-,-,-,爺,0,,
-,-,-,-,-,-,-,葡,0,,
-,-,-,-,-,-,-,嬸,0,,
-,-,-,-,-,-,-,蟑,0,,
-,-,-,-,-,-,-,錳,0,,
-,-,-,-,-,-,-,垃,0,,
端,開,三,幽,平,端,流,丟,0,,
-,-,-,-,-,-,-,毽,0,,
-,-,-,-,-,-,-,垮,0,,
-,-,-,-,-,-,-,菠,0,,
-,-,-,-,-,-,-,菫,0,,
-,-,-,-,-,-,-,哎,0,,
-,-,-,-,-,-,-,菇,0,,
-,-,-,-,-,-,-,潑,0,,
-,-,-,-,-,-,-,戳,0,,
-,-,-,-,-,-,-,鵪,0,,
-,-,-,-,-,-,-,裙,0,,
-,-,-,-,-,-,-,皂,0,,
-,-,-,-,-,-,-,皓,0,,
-,-,-,-,-,-,-,炸,0,,
-,-,-,-,-,-,-,甦,0,,
-,-,-,-,-,-,-,甩,0,,
-,-,-,-,-,-,-,褪,1,,褪色
,,,,,,,褪,1,,褪落來
-,-,-,-,-,-,-,耗,0,,
-,-,-,-,-,-,-,狠,0,,
-,-,-,-,-,-,-,蒂,0,,
-,-,-,-,-,-,-,坏,0,,同「坯」
-,-,-,-,-,-,-,乒,0,,
-,-,-,-,-,-,-,乓,0,,
-,-,-,-,-,-,-,么,0,,
-,-,-,-,-,-,-,趴,0,,
-,-,-,-,-,-,-,痺,0,,
-,-,-,-,-,-,-,症,0,,
-,-,-,-,-,-,-,趕,0,,
-,-,-,-,-,-,-,痘,0,,
-,-,-,-,-,-,-,硼,0,,
-,-,-,-,-,-,-,找,0,,
-,-,-,-,-,-,-,扼,0,,
-,-,-,-,-,-,-,扯,0,,
-,-,-,-,-,-,-,托,0,,
-,-,-,-,-,-,-,硓,0,,
-,-,-,-,-,-,-,蚜,0,,
-,-,-,-,-,-,-,氧,0,,
-,-,-,-,-,-,-,氯,0,,
-,-,-,-,-,-,-,氫,0,,
-,-,-,-,-,-,-,煉,0,,
-,-,-,-,-,-,-,煲,0,,
-,-,-,-,-,-,-,煮,0,,
,,,,,,,饃,0,,
端,合,一,歌,去,端,果,剁,0,,
定,合,一,歌,上,端,果,垛,0,,
來,合,,歌,平,來,果,腡,0,,
來,合,一,歌,上,來,果,瘰,0,,
來,合,,歌,去,來,果,摞,0,,
清,合,,歌,去,精,果,銼,0,,
清,合,一,歌,去,精,果,莝,0,,
從,合,一,歌,平,精,果,矬,0,,
心,合,一,歌,平,精,果,唆,0,,
溪,合,一,歌,平,見,果,窠,0,,
影,合,,歌,平,影,果,倭,0,,
影,合,一,歌,去,影,果,涴,0,,
群,合,三,歌,平,見,果,瘸,0,,
幫,開,二,麻,去,幫,假,欛,0,,
幫,開,二,麻,去,幫,假,垻,0,,
,,,,,,,鈀,0,,
來,開,三,侵A,平,來,深,痳,0,,
澄,開,,麻,平,知,假,搽,0,,
初,開,,麻,平,莊,假,杈,0,,
初,開,,麻,去,莊,假,汊,0,,
見,開,二,麻,平,見,假,痂,0,,
見,開,二,麻,去,見,假,稼,0,,
,,,,,,,伢,0,,
疑,開,二,麻,去,見,假,迓,0,,
精,開,三,麻,平,精,假,嗟,0,,
從,開,三,麻,去,精,假,褯,0,,
,,,,,,,麝,0,,
書,開,三,麻,平,章,假,賒,0,,
,,,,,,,佘,0,,
見,合,二,麻,上,見,假,剮,0,,
影,開,一,歌,去,影,果,侉,0,,
匣,合,二,麻,平,影,假,鏵,0,,
端,開,一,模,去,端,遇,蠹,0,,
來,開,一,模,平,來,遇,鸕,0,,
來,開,一,模,上,來,遇,鹵,0,,
心,開,一,模,去,精,遇,嗉,0,,
見,開,一,模,上,見,遇,牯,0,,
見,開,一,模,上,見,遇,蠱,0,,
曉,合,,模,去,影,遇,戽,0,,
清,開,三,魚,平,精,遇,疽,0,,
心,合,三,魚,平,精,遇,胥,0,,
徹,合,三,魚,上,知,遇,褚,0,,
澄,開,三,魚,上,知,遇,苧,0,,
澄,合,三,魚,去,知,遇,箸,0,,
影,合,三,魚,平,影,遇,淤,0,,
,,,,,,,跗,0,,
幫,合,三,虞,上,幫,遇,腑,0,,
滂,合,三,虞,平,幫,遇,麩,0,,
滂,合,三,虞,去,幫,遇,訃,0,,
並,合,三,虞,上,幫,遇,釜,0,,
影,開,一,模,平,影,遇,鎢,0,,
知,合,三,虞,平,知,遇,誅,0,,
初,合,三,虞,平,莊,遇,芻,0,,
章,合,三,虞,平,章,遇,硃,0,,
書,合,三,虞,去,章,遇,戍,0,,
見,合,三,虞,平,見,遇,駒,0,,
疑,開,一,咍,平,見,蟹,獃,0,,
從,開,,咍,平,精,蟹,纔,0,,
溪,開,一,咍,上,見,蟹,愷,0,,
影,開,,泰,去,影,蟹,靄,0,,
崇,開,二,皆,平,莊,蟹,豺,0,,
見,開,,皆,平,見,蟹,稭,0,,
見,開,二,皆,去,見,蟹,疥,0,,
溪,開,,皆,平,見,蟹,揩,0,,
並,開,二,佳,去,幫,蟹,稗,0,,
初,開,二,佳,平,莊,蟹,釵,0,,
生,開,二,佳,去,莊,蟹,曬,0,,
影,開,二,佳,去,影,蟹,隘,0,,
精,開,三,祭A,去,精,蟹,穄,0,,
疑,開,三,祭A,去,見,蟹,囈,0,,
疑,開,三,廢,去,見,蟹,刈,0,,
幫,開,四,齊,平,幫,蟹,蓖,0,,
幫,開,四,齊,去,幫,蟹,箅,0,,
從,開,,齊,上,精,蟹,薺,0,,
疑,開,四,齊,去,見,蟹,詣,0,,
影,開,四,齊,去,影,蟹,瞖,0,,
滂,合,一,灰,平,幫,蟹,坯,0,,
,,,,,,,裴,0,,
端,合,一,灰,去,端,蟹,碓,0,,
定,合,一,灰,平,端,蟹,頽,0,,
溪,合,一,灰,平,見,蟹,詼,0,,
匣,合,一,灰,平,影,蟹,茴,0,,
影,合,一,灰,平,影,蟹,煨,0,,
見,合,一,泰,去,見,蟹,劊,0,,
溪,合,二,皆,去,見,蟹,蒯,0,,
日,合,三,祭A,去,日,蟹,芮,0,,
溪,合,四,齊,平,見,蟹,奎,0,,
幫,開,三,支A,平,幫,止,裨,0,,
幫,開,三,支A,上,幫,止,俾,0,,
來,開,三,支A,去,來,止,荔,0,,
心,開,三,支A,上,精,止,璽,0,,
章,開,三,支A,平,章,止,梔,0,,
書,開,三,支A,上,章,止,豕,0,,
禪,開,三,支A,去,莊,止,豉,0,,
見,開,三,支B,平,見,止,羈,0,,
群,開,三,支A,平,見,止,岐,0,,
,,,,,,,徛,0,,
幫,開,三,脂A,去,幫,止,痹,0,,
幫,開,三,脂A,上,幫,止,秕,0,,
幫,開,三,脂B,去,幫,止,轡,0,,
滂,開,三,脂B,平,幫,止,丕,0,,
幫,開,四,齊,平,幫,蟹,篦,0,,
精,開,三,脂A,平,精,止,咨,0,,
從,開,三,脂A,平,精,止,糍,0,,
澄,開,三,脂B,上,知,止,雉,0,,
昌,開,三,脂A,平,章,止,鴟,0,,
書,開,三,脂A,平,章,止,尸,0,,
書,開,三,脂A,平,章,止,鈰,0,,
,,,,,,,祁,0,,
群,開,三,脂A,平,見,止,耆,0,,
以,開,三,脂A,去,以,止,肄,0,,
從,開,三,之,去,精,止,牸,0,,
徹,開,三,之,平,知,止,癡,0,,
澄,開,三,之,上,知,止,痔,0,,
莊,開,三,之,平,莊,止,輜,0,,
崇,開,三,之,上,莊,止,俟,0,,
章,開,三,之,去,章,止,痣,0,,
禪,開,三,之,平,莊,止,鰣,0,,
疑,開,三,微,平,見,止,沂,0,,
曉,合,三,支B,平,影,止,麾,0,,
,,,,,,,餧,0,,
心,合,三,脂A,平,精,止,綏,0,,
群,合,三,脂B,平,見,止,夔,0,,
幫,合,三,微,上,幫,止,榧,0,,
幫,合,,微,去,幫,止,痱,0,,
並,開,一,豪,去,幫,效,菢,0,,
,,,,,,,澇,0,,
心,開,一,豪,平,精,效,臊,0,,
溪,開,一,豪,去,見,效,犒,0,,
曉,開,一,豪,平,影,效,薅,0,,
匣,開,一,豪,平,影,效,壕,0,,
影,開,,豪,平,影,效,爊,0,,
,,,,,,,麅,0,,
,,,,,,,鉋,0,,
娘,開,二,肴,平,知,效,鐃,0,,
莊,開,,肴,去,莊,效,笊,0,,
生,開,,肴,平,莊,效,捎,0,,
生,開,二,肴,去,莊,效,潲,0,,
見,開,,肴,上,見,效,鉸,0,,
影,開,二,肴,平,影,效,坳,0,,
影,開,二,肴,上,影,效,拗,0,,
幫,開,三,宵B,平,幫,效,臕,0,,
幫,開,三,宵A,平,幫,效,飈,0,,
並,開,三,宵A,平,幫,效,嫖,0,,
並,開,三,宵A,上,幫,效,鰾,0,,
明,開,三,宵A,上,幫,效,藐,0,,
精,開,三,宵A,上,精,效,剿,0,,
精,開,三,宵A,去,精,效,醮,0,,
清,開,三,宵A,平,精,效,鍬,0,,
清,開,三,宵A,平,精,效,繰,0,,
心,開,三,宵A,去,精,效,鞘,0,,
章,開,三,宵A,去,章,效,詔,0,,
,,,,,,,橈,0,,
,,,,平,,,蕎,0,,
曉,開,三,宵B,平,影,效,枵,0,,
,,,,去,,,鷂,0,,
透,開,四,蕭,去,端,效,糶,0,,
,,,,,,,敨,0,,
泥,開,一,侯,去,端,流,耨,0,,
來,開,一,侯,平,來,流,耬,0,,
見,開,一,侯,去,見,流,彀,0,,
見,開,一,侯,去,見,流,媾,0,,
影,開,一,侯,平,影,流,瞘,0,,
影,開,一,侯,平,影,流,甌,0,,
影,開,一,侯,上,影,流,毆,0,,
影,開,一,侯,去,影,流,漚,0,,
影,開,一,侯,去,影,流,慪,0,,
並,合,三,尤,上,幫,流,阜,0,,
明,合,三,尤,平,幫,流,眸,0,,
,,,,,,,餾,0,,
精,開,三,尤,平,精,流,揫,0,,
清,開,三,尤,平,精,流,鞦,0,,
邪,開,三,尤,平,精,流,泅,0,,
,,,,,,,搊,0,,
生,開,三,尤,平,莊,流,餿,0,,
章,開,三,尤,上,章,流,帚,0,,
禪,開,三,尤,平,莊,流,讎,0,,
見,開,三,尤,平,見,流,鬮,0,,
群,開,三,尤,去,見,流,柩,0,,
云,開,三,尤,去,影,流,宥,0,,
以,開,三,尤,上,以,流,莠,0,,
端,開,一,談,入,端,咸,搨,0,,
精,開,一,覃,平,精,咸,簪,0,,
透,開,,談,平,端,咸,坍,0,,
匣,開,一,談,入,影,咸,盍,0,,
來,開,一,談,入,來,咸,鑞,0,,
,,,,,,,鏨,0,,
見,開,一,談,平,見,咸,泔,0,,
曉,開,一,談,平,影,咸,蚶,0,,
匣,開,一,談,平,影,咸,邯,0,,
知,開,二,咸,入,知,咸,劄,0,,
崇,開,,咸,平,莊,咸,讒,0,,
見,開,二,咸,入,見,咸,裌,0,,
見,開,,咸,入,見,咸,袷,0,,
生,開,二,銜,去,莊,咸,釤,0,,
初,開,二,銜,去,莊,咸,懺,0,,
見,開,二,銜,入,見,咸,胛,0,,
匣,開,二,銜,入,影,咸,狎,0,,
娘,開,三,鹽B,入,知,咸,鑷,0,,
來,開,三,鹽A,平,來,咸,奩,0,,
精,開,三,鹽A,平,精,咸,殲,0,,
清,開,三,鹽A,平,精,咸,僉,0,,
心,開,三,鹽A,平,精,咸,暹,0,,
禪,開,三,鹽A,去,莊,咸,贍,0,,
影,開,三,鹽B,平,影,咸,閹,0,,
,,,,,,,魘,0,,
以,開,三,鹽A,平,以,咸,檐,0,,
以,開,三,鹽A,去,以,咸,艷,0,,
疑,開,三,嚴,去,見,咸,釅,0,,
曉,開,,嚴,平,影,咸,鍁,0,,
曉,開,三,嚴,平,影,咸,杴,0,,
,,,,,,,腌,0,,
影,開,三,鹽B,平,影,咸,崦,0,,
端,開,,添,平,端,咸,掂,0,,
透,開,,添,上,端,咸,忝,0,,
透,開,四,添,去,端,咸,㮇,0,,
定,開,四,添,上,端,咸,簟,0,,
定,開,四,添,入,端,咸,牒,0,,
定,開,四,添,入,端,咸,諜,0,,
泥,開,四,添,平,端,咸,鮎,0,,
,,,,,,,苶,0,,
見,開,四,添,平,見,咸,蒹,0,,
,,,,,,,搛,0,,
精,開,四,添,去,精,咸,僭,0,,
娘,開,三,侵B,去,知,深,賃,0,,
來,開,三,侵A,上,來,深,檁,0,,
來,開,三,侵A,上,來,深,廪,0,,
從,開,三,侵A,上,精,深,蕈,0,,
徹,開,三,侵B,平,知,深,琛,0,,
莊,開,三,侵A,平,莊,深,簪,0,,
崇,開,三,侵B,平,莊,深,岑,0,,
日,開,三,侵A,去,日,深,妊,0,,
日,開,三,侵A,平,日,深,紝,0,,
,,,,,,,撳,0,,
,,,,,,,妗,0,,
影,開,三,侵B,去,影,深,窨,0,,
精,開,一,寒,去,精,山,灒,0,,
見,開,,寒,上,見,山,擀,0,,
匣,開,一,寒,入,影,山,曷,0,,
見,開,二,山,去,見,山,襇,0,,
見,開,二,山,上,見,山,柬,0,,
匣,開,二,山,平,影,山,閑,0,,
匣,開,二,山,去,影,山,莧,0,,
幫,開,二,刪,平,幫,山,扳,1,,扳手
滂,開,二,刪,平,幫,山,扳,1,,
滂,開,二,刪,去,幫,山,襻,0,,
,,,,,,,爿,0,,
生,開,,刪,去,莊,山,疝,0,,
見,開,二,刪,去,見,山,鐧,0,,
幫,開,三,仙A,入,幫,山,鱉,0,,
幫,開,三,仙A,入,幫,山,憋,0,,
明,開,三,仙B,上,幫,山,娩,0,,
,,,,,,,澠,0,,
來,開,三,仙A,上,來,山,輦,0,,
心,開,三,仙A,上,精,山,癬,0,,
心,開,三,仙A,入,精,山,褻,0,,
邪,開,三,仙A,平,精,山,涎,0,,
知,開,三,仙B,入,知,山,蜇,0,,
書,開,三,仙A,平,章,山,羶,0,,
定,開,一,寒,上,端,山,膻,0,,
禪,開,三,仙A,去,莊,山,膳,0,,
見,開,三,仙A,入,見,山,孑,0,,
,,,,,,,掮,0,,
,,,,,,,犍,0,,
疑,開,三,仙B,入,見,山,孽,0,,
,,,,,,,蔫,0,,
,,,,,,,拽,0,,
,,,,,,,犍,0,,
群,開,,元,去,見,山,腱,0,,
曉,開,三,元,入,影,山,蠍,0,,
影,開,三,元,入,影,山,謁,0,,
影,開,,元,平,影,山,蔫,0,,
,,,,,,,憋,0,,
並,開,四,先,平,幫,山,駢,0,,
泥,開,四,先,上,端,山,撚,0,,
泥,開,,先,上,端,山,攆,0,,
來,開,四,先,去,來,山,楝,0,,
並,開,一,寒,入,幫,山,鈸,0,,
端,合,,寒,入,端,山,掇,1,,掂掇
知,合,三,仙A,入,知,山,掇,1,,
透,合,一,寒,上,端,山,疃,0,,
定,合,一,寒,去,端,山,椴,0,,
來,合,一,寒,平,來,山,鸞,0,,
來,合,一,寒,入,來,山,捋,0,,
精,合,一,寒,上,精,山,纂,0,,
,,,,,,,攢,0,,
,,,,,,,汆,0,,
匣,合,一,寒,平,影,山,紈,0,,
匣,合,二,刪,上,影,山,皖,0,,
影,合,一,寒,平,影,山,豌,0,,
影,合,一,寒,平,影,山,剜,0,,
見,合,二,山,平,見,山,鰥,0,,
影,合,一,寒,入,影,山,斡,0,,
初,合,二,刪,去,莊,山,篡,0,,
生,合,二,刪,平,莊,山,閂,0,,
生,合,二,刪,去,莊,山,涮,0,,
匣,合,二,刪,去,影,山,宦,0,,
邪,合,三,仙A,去,精,山,鏇,0,,
澄,合,三,仙B,平,知,山,椽,0,,
澄,合,三,仙B,上,知,山,篆,0,,
,,,,,,,膞,0,,
,,,,,,,篅,0,,
群,合,三,仙B,平,見,山,鬈,0,,
群,合,三,仙B,平,見,山,顴,0,,
以,合,三,仙A,上,以,山,兗,0,,
並,合,三,元,平,幫,山,礬,0,,
見,合,三,元,入,見,山,厥,0,,
群,合,三,元,入,見,山,憠,0,,
見,合,三,元,入,見,山,孓,0,,
曉,合,三,元,去,影,山,楦,0,,
影,合,三,元,入,影,山,噦,0,,
幫,開,三,真A,去,幫,臻,殯,0,,
並,開,三,真A,上,幫,臻,牝,0,,
並,開,三,真B,入,幫,臻,弼,0,,
明,開,三,真A,上,幫,臻,泯,0,,
,,,,,,,抿,0,,
,,,,,,,燐,0,,
娘,開,三,真B,入,知,臻,昵,0,,
章,開,三,真A,入,章,臻,侄,0,,
莊,開,三,臻,平,莊,臻,榛,0,,
莊,開,三,臻,平,莊,臻,臻,0,,
書,開,三,真A,平,章,臻,娠,1,,妊娠
章,開,三,真A,去,章,臻,娠,1,,
溪,開,三,真A,入,見,臻,詰,0,,
曉,開,三,真B,去,影,臻,釁,0,,
影,開,三,真A,平,影,臻,洇,0,,
見,開,三,欣,入,見,臻,訖,0,,
,,,,,,,錛,0,,
,,,,,,,逩,0,,
並,合,一,魂,入,幫,臻,𡋯,0,,
並,合,一,魂,入,幫,臻,餑,0,,
端,合,一,魂,去,端,臻,扽,0,,
定,合,一,魂,平,端,臻,飩,0,,
定,合,一,魂,上,端,臻,囤,0,,
清,合,一,魂,入,精,臻,猝,0,,
疑,合,一,魂,入,見,臻,杌,0,,
匣,合,一,魂,平,影,臻,餛,0,,
影,合,一,魂,平,影,臻,瘟,0,,
清,合,三,真A,平,精,臻,皴,0,,
心,合,三,真A,平,精,臻,荀,0,,
,,,,,,,榫,0,,
心,合,三,真A,去,精,臻,浚,0,,
心,合,三,真A,去,精,臻,濬,0,,
徹,合,三,真B,平,知,臻,椿,0,,
知,合,三,真B,入,知,臻,絀,0,,
船,合,三,真A,入,章,臻,秫,0,,
禪,合,三,真A,平,莊,臻,蒓,0,,
並,合,三,文,平,幫,臻,豶,0,,
明,合,三,文,去,幫,臻,璺,0,,
曉,合,三,文,平,影,臻,熏,0,,
曉,合,三,文,平,影,臻,勳,0,,
曉,合,三,文,平,影,臻,葷,0,,
幫,開,一,唐,去,幫,宕,謗,0,,
定,開,一,唐,入,端,宕,鐸,0,,
泥,開,一,唐,上,端,宕,曩,0,,
精,開,一,唐,平,精,宕,臧,0,,
,,,,,,,柞,0,,
,,,,,,,搡,0,,
見,開,二,江,平,見,江,杠,0,,
溪,開,一,唐,平,見,宕,糠,0,,
,,,,,,,囥,0,,
疑,開,一,唐,入,見,宕,鄂,0,,
心,開,三,陽,上,精,宕,鯗,0,,
崇,開,三,陽,平,莊,宕,牀,0,,
生,開,三,陽,平,莊,宕,孀,0,,
章,開,三,陽,去,章,宕,瘴,0,,
章,開,三,陽,入,章,宕,焯,0,,
書,開,三,陽,去,章,宕,餉,0,,
禪,開,三,陽,入,莊,宕,芍,0,,
日,開,三,陽,平,日,宕,瓤,0,,
見,開,三,陽,平,見,宕,礓,0,,
來,開,一,唐,入,來,宕,鉻,0,,
以,開,三,陽,去,以,宕,恙,0,,
,,,,,,,桄,0,,
曉,合,一,唐,入,影,宕,藿,0,,
曉,合,一,唐,入,影,宕,劐,0,,
匣,合,一,唐,平,影,宕,蝗,0,,
匣,合,一,唐,入,影,宕,鑊,0,,
幫,合,三,陽,上,幫,宕,倣,0,,
明,合,三,陽,上,幫,宕,輞,0,,
見,合,三,陽,入,見,宕,钁,0,,
溪,合,三,陽,平,見,宕,匡,0,,
云,合,三,陽,入,影,宕,籰,0,,
滂,開,二,江,去,幫,江,肨,0,,
滂,開,二,江,入,幫,江,朴,0,,
,,,,,,,攮,0,,
知,開,二,江,入,知,江,涿,0,,
澄,開,二,江,平,知,江,噇,0,,
見,開,二,江,平,見,江,豇,0,,
見,開,二,江,上,見,江,耩,0,,
,,,,,,,搉,0,,
,,,,,,,夯,0,,
端,開,一,登,去,端,曾,鐙,0,,
透,開,一,登,入,端,曾,忒,0,,
定,開,一,登,平,端,曾,謄,0,,
清,開,一,登,去,精,曾,蹭,0,,
精,開,三,蒸,入,精,曾,鯽,0,,
精,開,三,蒸,入,精,曾,稷,0,,
知,開,三,蒸,入,知,曾,稙,0,,
徹,開,三,蒸,入,知,曾,飭,0,,
船,開,三,蒸,平,章,曾,塍,0,,
以,開,三,蒸,入,以,曾,弋,0,,
,,,,,,,虻,0,,
徹,開,二,庚,去,知,梗,牚,0,,
徹,開,二,庚,入,知,梗,㿭,0,,
,,,,,,,𨨌,0,,
澄,開,二,庚,去,知,梗,䂻,0,,
見,開,二,庚,平,見,梗,粳,0,,
幫,開,二,耕,平,幫,梗,浜,0,,
幫,開,二,耕,入,幫,梗,擘,0,,
幫,開,二,耕,入,幫,梗,檗,0,,
匣,開,二,耕,入,影,梗,覈,0,,
影,開,二,耕,入,影,梗,軛,0,,
見,開,三,庚,入,見,梗,戟,0,,
群,開,三,庚,入,見,梗,屐,0,,
精,開,三,清A,平,精,梗,旌,0,,
,,,,,,,䝼,0,,
徹,開,三,清B,平,知,梗,蟶,0,,
影,開,三,清A,平,影,梗,纓,0,,
滂,開,四,青,平,幫,梗,姘,0,,
,,,,,,,靪,0,,
,,,,,,,疔,0,,
端,開,四,青,入,端,梗,嫡,1,,
知,開,二,庚,入,知,梗,嫡,1,,
定,開,四,青,去,端,梗,錠,0,,
定,開,四,青,入,端,梗,糴,0,,
泥,開,四,青,去,端,梗,佞,0,,
溪,開,四,青,去,見,梗,磬,0,,
匣,開,四,青,平,影,梗,陘,0,,
見,合,二,庚,入,見,梗,虢,0,,
曉,合,二,耕,平,影,梗,揈,0,,
,,,,,,,檾,0,,
以,合,三,清A,平,以,梗,塋,0,,
匣,合,四,青,平,影,梗,滎,0,,
滂,開,一,東,入,幫,通,醭,0,,
,,,,,,,蠓,0,,
,,,,,,,熥,0,,
透,開,一,東,上,端,通,捅,0,,
定,開,一,東,平,端,通,瞳,0,,
定,開,一,東,入,端,通,牘,0,,
精,開,一,東,平,精,通,椶,0,,
精,開,一,東,去,精,通,糉,0,,
匣,開,一,東,上,影,通,汞,0,,
匣,合,一,東,去,影,通,鬨,0,,
泥,合,一,冬,平,端,通,儂,0,,
精,合,一,冬,去,精,通,䝋,0,,
來,開,三,東,入,來,通,戮,0,,
,,,,,,,衆,0,,
日,開,三,東,平,日,通,戎,0,,
章,合,三,鍾,平,章,通,盅,0,,
日,合,三,鍾,上,日,通,冗,0,,
日,開,三,鍾,上,日,通,𣭲,0,,
見,開,三,鍾,入,見,通,鋦,0,,
影,開,三,鍾,平,影,通,癰,0,,
以,開,三,鍾,上,以,通,甬,0,,
崇,開,二,麻,平,莊,假,茬,0,,
以,開,三,尤,去,以,流,鼬,0,,
,,,,,,,撣,0,,
曉,開,一,寒,上,影,山,焊,0,,
泥,開,四,添,入,端,咸,捻,0,,
幫,開,一,寒,入,幫,山,鉢,0,,
清,合,三,真A,入,精,臻,黢,0,,
見,開,三,陽,平,見,宕,繮,0,,
溪,開,四,青,入,見,梗,喫,0,,
影,開,一,咍,去,影,蟹,璦,0,,
影,開,一,咍,去,影,蟹,曖,0,,
,,,,,,,氨,0,,
影,開,一,寒,入,影,山,胺,0,,
幫,合,三,元,上,幫,山,坂,0,,
幫,開,二,刪,上,幫,山,舨,0,,
滂,開,一,唐,平,幫,宕,鎊,0,,
幫,開,一,豪,上,幫,效,鴇,0,,
幫,開,三,支B,平,幫,止,陂,0,,
幫,開,一,泰,去,幫,蟹,鋇,0,,
並,開,二,夬,去,幫,蟹,唄,0,,
,,,,,,,泵,0,,
幫,開,三,脂A,上,幫,止,匕,0,,
幫,開,三,脂A,去,幫,止,畀,0,,
並,開,三,蒸,入,幫,曾,愎,0,,
幫,開,三,支B,上,幫,止,髀,0,,
滂,開,三,宵A,平,幫,效,鏢,0,,
幫,開,三,宵B,上,幫,效,婊,0,,
幫,開,三,宵B,去,幫,效,裱,0,,
幫,開,三,真B,平,幫,臻,邠,0,,
幫,開,三,真B,平,幫,臻,斌,0,,
,,,,,,,鉑,0,,
並,開,二,庚,入,幫,梗,舶,0,,
幫,開,一,模,平,幫,遇,逋,0,,
昌,開,三,陽,平,章,宕,娼,0,,
昌,開,三,陽,平,章,宕,鯧,0,,
,,,,,,,搐,0,,
徹,合,三,真B,入,知,臻,黜,0,,
章,合,三,支A,上,章,止,捶,0,,
初,開,二,江,入,莊,江,齪,0,,
清,合,一,灰,去,精,蟹,啐,1,,
心,合,一,灰,去,精,蟹,啐,1,,
精,合,三,真A,入,精,臻,啐,1,,
端,開,一,談,入,端,咸,耷,0,,
,,,,,,,傣,0,,
端,開,一,寒,平,端,山,鄲,0,,
,,,,,,,氮,0,,
端,開,四,齊,上,端,蟹,詆,0,,
定,開,四,齊,上,端,蟹,娣,1,,
定,開,四,齊,去,端,蟹,娣,1,,
透,開,四,齊,平,端,蟹,睇,0,,
,,,,,,,碲,0,,
端,開,四,蕭,平,端,效,鯛,0,,
端,開,四,蕭,上,端,效,屌,0,,
端,開,四,青,上,端,梗,酊,0,,
,,,,,,,腚,0,,
定,開,一,東,平,端,通,侗,1,,倥侗
透,開,一,東,上,端,通,侗,1,,
,,,,,,,侗,1,,侗族
影,開,一,歌,平,影,果,屙,0,,
疑,開,一,唐,入,見,宕,諤,0,,
疑,開,一,唐,入,見,宕,齶,0,,
並,合,三,陽,平,幫,宕,魴,0,,
幫,合,三,陽,去,幫,宕,舫,0,,
幫,合,三,微,平,幫,止,緋,0,,
滂,合,三,微,平,幫,止,霏,0,,
幫,合,三,微,平,幫,止,誹,0,,
並,合,三,微,去,幫,止,狒,0,,
滂,合,三,文,平,幫,臻,雰,0,,
滂,合,三,虞,平,幫,遇,孚,0,,
,,,,,,,氟,0,,
見,開,一,泰,去,見,蟹,鈣,0,,
見,開,一,東,去,見,通,贛,1,,賜予
見,開,一,覃,去,見,咸,贛,1,,江西省的簡稱
見,開,一,唐,平,見,宕,罡,0,,
匣,開,一,豪,上,影,效,鎬,0,,
見,開,一,痕,去,見,臻,艮,0,,
見,合,一,登,平,見,曾,肱,0,,
見,開,一,侯,上,見,流,詬,0,,
見,開,一,模,平,見,遇,鴣,0,,
見,開,一,東,入,見,通,轂,0,,
云,合,三,真B,入,影,臻,汩,0,,
見,開,一,模,上,見,遇,瞽,0,,
見,合,一,寒,平,見,山,莞,1,,莞草
,,,,,,,莞,1,,東莞
匣,合,一,寒,上,影,山,莞,1,,莞爾
見,合,三,微,平,見,止,皈,0,,
見,合,四,齊,平,見,蟹,珪,0,,
曉,合,二,庚,入,影,梗,硅,0,,
見,合,一,魂,上,見,臻,袞,0,,
見,合,二,耕,入,見,梗,摑,0,,
匣,開,一,寒,去,影,山,捍,0,,
匣,開,一,覃,上,影,咸,頷,0,,
匣,開,一,豪,平,影,效,濠,0,,
匣,開,一,豪,上,影,效,昊,0,,
曉,開,一,歌,平,影,果,訶,0,,
匣,合,一,歌,平,影,果,龢,0,,
曉,合,二,耕,平,影,梗,訇,0,,
曉,合,一,登,平,影,曾,薨,0,,
匣,合,一,冬,入,影,通,鵠,0,,
匣,開,一,模,平,影,遇,猢,0,,
匣,開,一,模,平,影,遇,鶘,0,,
匣,開,一,模,平,影,遇,醐,0,,
匣,開,一,模,上,影,遇,祜,0,,
匣,合,二,刪,平,影,山,圜,1,,環繞
云,合,三,仙B,平,影,山,圜,1,,天體
匣,合,二,刪,去,影,山,豢,0,,
匣,合,一,唐,平,影,宕,遑,0,,
匣,合,一,唐,平,影,宕,璜,0,,
匣,合,一,唐,平,影,宕,蟥,0,,
匣,合,一,魂,平,影,臻,琿,0,,
匣,合,一,灰,平,影,蟹,蛔,0,,
疑,合,一,魂,去,見,臻,諢,0,,
匣,開,四,齊,平,影,蟹,嵇,0,,
見,開,三,脂B,去,見,止,覬,0,,
群,開,三,祭B,去,見,蟹,偈,0,,
見,開,二,麻,平,見,假,笳,0,,
曉,開,二,麻,平,影,假,瘕,0,,
見,開,二,江,去,見,江,絳,0,,
見,開,二,肴,上,見,效,姣,1,,姣好
匣,開,二,肴,平,影,效,姣,1,,發姣
群,開,三,仙B,入,見,山,桀,0,,
群,開,三,仙B,入,見,山,碣,1,,
群,開,三,元,入,見,山,碣,1,,
見,開,三,蒸,平,見,曾,矜,0,,
群,開,三,真B,去,見,臻,饉,0,,
群,開,三,真B,去,見,臻,覲,0,,
群,開,三,庚,去,見,梗,儆,1,,
見,開,三,庚,上,見,梗,儆,1,,
見,開,三,魚,平,見,遇,裾,0,,
群,開,三,魚,上,見,遇,苣,0,,
群,合,三,虞,去,見,遇,颶,0,,
精,合,三,仙A,平,精,山,鐫,0,,
見,合,四,先,入,見,山,譎,0,,
溪,開,一,咍,上,見,蟹,鎧,0,,
溪,開,一,覃,去,見,咸,磡,0,,
,,,,,,,錕,0,,
見,合,一,魂,平,見,臻,鯤,0,,
來,開,一,談,入,來,咸,邋,0,,
來,開,一,寒,入,來,山,剌,0,,
來,開,一,寒,入,來,山,瘌,0,,
來,開,一,泰,去,來,蟹,瀨,0,,
,,,,,,,嶗,0,,
,,,,,,,佬,0,,
明,開,一,模,上,幫,遇,姥,1,,天姥
,,,,,,,姥,1,,姥姥
來,合,三,支A,平,來,止,羸,0,,
來,合,一,灰,上,來,蟹,磊,0,,
來,開,一,登,平,來,曾,棱,0,,
,,,,,,,喱,0,,
來,開,四,齊,上,來,蟹,蠡,0,,
,,,,,,,鋰,0,,
來,開,四,齊,上,來,蟹,醴,0,,
來,開,三,仙A,平,來,山,鰱,0,,
來,開,三,陽,平,來,宕,踉,0,,
來,開,一,豪,上,來,效,獠,0,,
來,開,四,蕭,平,來,效,鐐,0,,
來,開,三,鹽A,入,來,咸,鬣,0,,
來,開,三,真A,平,來,臻,粼,0,,
來,開,三,真A,平,來,臻,嶙,0,,
來,開,三,侵A,上,來,深,廩,0,,
來,開,三,真A,去,來,臻,躪,0,,
來,開,三,蒸,平,來,曾,綾,0,,
來,開,三,蒸,平,來,曾,鯪,0,,
來,開,三,尤,平,來,流,遛,0,,
來,開,一,侯,去,來,流,瘻,0,,
來,開,一,模,平,來,遇,壚,0,,
來,開,一,模,平,來,遇,瀘,0,,
來,開,一,東,入,來,通,轆,0,,
來,開,一,模,去,來,遇,璐,0,,
來,合,三,仙A,平,來,山,攣,0,,
來,合,三,真A,平,來,臻,侖,0,,
,,,,,,,嫲,0,,
,,,,,,,獁,0,,
,,,,,,,蟎,0,,
明,開,二,刪,去,幫,山,謾,0,,
明,開,二,耕,平,幫,梗,氓,0,,
明,開,二,肴,上,幫,效,昴,0,,
明,開,一,侯,去,幫,流,袤,0,,
明,開,一,豪,去,幫,效,瑁,1,,珪瑁
明,合,一,灰,去,幫,蟹,瑁,1,,玳瑁
明,開,三,脂B,平,幫,止,嵋,0,,
明,開,三,脂B,平,幫,止,湄,0,,
,,,,,,,酶,0,,
,,,,,,,鎂,0,,
明,開,四,齊,上,幫,蟹,眯,0,,
,,,,,,,醚,0,,
明,開,三,支A,上,幫,止,弭,0,,
明,開,四,青,入,幫,梗,汨,0,,
明,開,四,青,入,幫,梗,冪,0,,
明,開,三,仙A,上,幫,山,沔,0,,
,,,,,,,緲,0,,
明,開,二,江,入,幫,江,邈,0,,
明,開,四,青,平,幫,梗,暝,0,,
明,開,四,青,平,幫,梗,瞑,0,,
明,合,一,魂,入,幫,臻,歿,0,,
明,合,三,東,入,幫,通,苜,0,,
泥,開,一,覃,入,端,咸,衲,0,,
泥,開,四,先,入,端,山,涅,0,,
疑,開,四,先,入,見,山,齧,0,,
日,開,三,侵A,平,日,深,恁,1,,
日,開,三,侵A,上,日,深,恁,1,,
並,開,一,寒,平,幫,山,磐,0,,
並,開,二,肴,平,幫,效,庖,0,,
滂,開,二,耕,平,幫,梗,抨,0,,
滂,開,二,耕,平,幫,梗,怦,0,,
並,開,三,脂A,平,幫,止,貔,0,,
滂,開,三,清A,入,幫,梗,癖,1,,
滂,開,四,青,入,幫,梗,癖,1,,
滂,開,三,宵A,上,幫,效,縹,0,,
並,開,三,真A,平,幫,臻,顰,0,,
滂,開,一,歌,上,幫,果,叵,0,,
幫,合,三,虞,上,幫,遇,莆,0,,
滂,開,一,模,上,幫,遇,溥,0,,
匣,開,四,齊,平,影,蟹,蹊,0,,
從,開,四,齊,平,精,蟹,蠐,0,,
群,開,三,之,平,見,止,麒,0,,
清,開,三,清A,入,精,梗,磧,0,,
溪,開,三,仙B,平,見,山,愆,0,,
群,開,三,鹽B,平,見,咸,黔,1,,
群,開,三,侵B,平,見,深,黔,1,,
清,開,四,先,去,精,山,茜,0,,
溪,開,四,蕭,去,見,效,撬,0,,
群,合,三,清A,平,見,梗,煢,0,,
從,開,三,尤,平,精,流,酋,0,,
從,開,三,尤,平,精,流,遒,0,,
群,開,三,尤,平,見,流,裘,0,,
日,開,三,鹽A,平,日,咸,髯,0,,
日,開,三,鹽A,上,日,咸,苒,0,,
日,開,三,真A,去,日,臻,軔,0,,
日,開,三,侵A,去,日,深,衽,0,,
娘,開,三,尤,去,知,流,糅,0,,
日,開,三,尤,平,日,流,蹂,1,,
日,開,三,尤,上,日,流,蹂,1,,
日,開,三,尤,去,日,流,蹂,1,,
日,開,三,鍾,入,日,通,縟,0,,
以,合,三,祭A,去,以,蟹,睿,0,,
心,開,一,談,平,精,咸,叄,0,,
生,開,二,刪,去,莊,山,汕,1,,汕頭
生,開,二,山,上,莊,山,汕,1,,
生,開,三,臻,平,莊,臻,莘,0,,
禪,開,三,真A,上,莊,臻,蜃,1,,
禪,開,三,真A,去,莊,臻,蜃,1,,
書,開,三,之,去,章,止,弒,0,,
心,開,一,侯,上,精,流,藪,0,,
心,開,一,模,去,精,遇,愫,0,,
邪,合,三,脂A,去,精,止,燧,0,,
透,開,一,談,入,端,咸,遢,0,,
定,開,一,覃,平,端,咸,覃,1,,覃思
,,,,,,,覃,1,,覃姓
定,開,一,登,平,端,曾,滕,0,,
定,開,四,齊,平,端,蟹,醍,0,,
透,開,四,青,入,端,梗,倜,0,,
定,合,一,冬,平,端,通,佟,0,,
定,開,一,侯,平,端,流,骰,0,,
明,合,三,文,平,幫,臻,雯,0,,
影,開,二,江,入,影,江,齷,0,,
影,開,一,模,平,影,遇,鄔,0,,
匣,開,四,青,入,影,梗,覡,0,,
匣,開,四,青,入,影,梗,檄,0,,
心,開,四,先,上,精,山,銑,0,,
生,開,三,支B,上,莊,止,屣,1,,
生,開,三,支B,去,莊,止,屣,1,,
曉,開,二,麻,去,影,假,罅,0,,
心,開,四,先,上,精,山,冼,0,,
心,開,四,先,去,精,山,霰,0,,
心,開,四,蕭,上,精,效,筱,0,,
曉,開,三,侵B,平,影,深,鑫,0,,
匣,開,四,青,平,影,梗,邢,0,,
曉,合,三,虞,上,影,遇,詡,0,,
曉,合,三,虞,去,影,遇,酗,0,,
曉,合,三,元,平,影,山,萱,0,,
邪,合,三,仙A,平,精,山,璇,0,,
邪,開,三,侵A,平,精,深,潯,0,,
影,開,四,先,平,影,山,胭,0,,
影,開,三,真A,平,影,臻,湮,1,,
影,開,四,先,平,影,山,湮,1,,
影,開,三,鹽A,去,影,咸,饜,0,,
影,開,三,陽,平,影,宕,泱,0,,
影,開,三,陽,上,影,宕,鞅,0,,
匣,開,二,肴,平,影,效,爻,0,,
以,開,三,脂A,平,以,止,彝,0,,
以,開,三,清A,入,以,梗,弈,0,,
云,開,三,侵B,入,影,深,熠,1,,
以,開,三,侵A,入,以,深,熠,1,,
影,開,四,齊,去,影,蟹,翳,1,,
影,開,四,齊,平,影,蟹,翳,1,,
影,開,三,蒸,入,影,曾,臆,0,,
影,開,三,真A,平,影,臻,氤,0,,
影,開,三,蒸,平,影,曾,膺,0,,
匣,合,四,青,平,影,梗,熒,0,,
影,開,四,青,去,影,梗,瀅,0,,
以,開,三,清A,平,以,梗,瀛,0,,
影,開,三,鍾,平,影,通,邕,0,,
影,開,三,鍾,平,影,通,壅,0,,
以,開,三,鍾,上,以,通,踊,0,,
云,開,三,尤,去,影,流,囿,0,,
影,開,三,魚,去,影,遇,瘀,0,,
疑,合,三,虞,平,見,遇,禺,0,,
云,合,三,虞,平,影,遇,竽,0,,
疑,開,三,魚,上,見,遇,圄,0,,
疑,開,三,魚,上,見,遇,齬,0,,
影,開,三,東,入,影,通,彧,0,,
以,開,三,東,入,以,通,煜,0,,
以,開,三,東,入,以,通,毓,0,,
疑,合,三,元,平,見,山,螈,0,,
影,合,三,文,平,影,臻,氳,0,,
云,合,三,真B,上,影,臻,殞,0,,
影,合,三,文,去,影,臻,慍,0,,
莊,開,三,之,平,莊,止,甾,0,,
生,開,二,皆,平,莊,蟹,崽,1,,
生,開,二,佳,平,莊,蟹,崽,1,,
莊,開,三,蒸,入,莊,曾,仄,0,,
定,開,四,青,入,端,梗,翟,1,,翟羽
澄,開,二,庚,入,知,梗,翟,1,,翟姓
章,開,三,宵A,平,章,效,釗,0,,
知,開,二,耕,入,知,梗,謫,0,,
章,開,三,麻,上,章,假,赭,0,,
知,開,二,庚,去,知,梗,砧,0,,
澄,開,三,清B,入,知,梗,躑,0,,
章,開,三,之,上,章,止,芷,0,,
章,開,三,真A,入,章,臻,蛭,1,,
端,開,四,魂,入,端,山,蛭,1,,
禪,合,三,虞,平,莊,遇,銖,0,,
章,合,三,虞,去,章,遇,炷,0,,
章,合,三,虞,去,章,遇,孳,0,,
精,開,三,脂A,上,精,止,秭,0,,
精,開,三,脂A,上,精,止,眥,1,,
從,開,四,齊,去,精,蟹,眥,1,,
莊,開,三,魚,去,莊,遇,詛,0,,
精,合,一,魂,平,精,臻,樽,0,,
常,開,三,仙A,平,章,山,嬋,0,,
崇,開,二,銜,平,莊,咸,劖,0,,
初,開,三,侵B,去,莊,深,讖,0,,
